variant,table,column,ptype,compressed,uncompressed,num_values,encodings
keyorder-delta-snappy,lineitem,l_orderkey,INT64,191153429,378622645,600037902,DELTA_BINARY_PACKED
keyorder-delta-snappy,lineitem,l_partkey,INT64,1953451993,1953263554,600037902,DELTA_BINARY_PACKED
keyorder-delta-snappy,lineitem,l_suppkey,INT64,1609664701,1609422007,600037902,DELTA_BINARY_PACKED
keyorder-delta-snappy,lineitem,l_linenumber,INT32,177619094,249771053,600037902,DELTA_BINARY_PACKED
keyorder-delta-snappy,lineitem,l_quantity,INT64,1054094610,1053900646,600037902,DELTA_BINARY_PACKED
keyorder-delta-snappy,lineitem,l_extendedprice,INT64,1843907171,1843693240,600037902,DELTA_BINARY_PACKED
keyorder-delta-snappy,lineitem,l_discount,INT64,395719816,397589315,600037902,DELTA_BINARY_PACKED
keyorder-delta-snappy,lineitem,l_tax,INT64,345614561,345399731,600037902,DELTA_BINARY_PACKED
keyorder-delta-snappy,lineitem,l_returnflag,BYTE_ARRAY,372243989,558201989,600037902,DELTA_BYTE_ARRAY
keyorder-delta-snappy,lineitem,l_linestatus,BYTE_ARRAY,216783339,430345942,600037902,DELTA_BYTE_ARRAY
keyorder-delta-snappy,lineitem,l_shipdate,INT32,935065335,934852438,600037902,DELTA_BINARY_PACKED
keyorder-delta-snappy,lineitem,l_commitdate,INT32,934898076,934684629,600037902,DELTA_BINARY_PACKED
keyorder-delta-snappy,lineitem,l_receiptdate,INT32,935080946,934868143,600037902,DELTA_BINARY_PACKED
keyorder-delta-snappy,lineitem,l_shipinstruct,BYTE_ARRAY,1515840589,6345079861,600037902,DELTA_BYTE_ARRAY
keyorder-delta-snappy,lineitem,l_shipmode,BYTE_ARRAY,1219298636,2828023840,600037902,DELTA_BYTE_ARRAY
keyorder-delta-snappy,lineitem,l_comment,BYTE_ARRAY,7118445856,16549854073,600037902,DELTA_BYTE_ARRAY
keyorder-delta-snappy,lineitem,ignore,BYTE_ARRAY,1321456,1259872,600037902,DELTA_BYTE_ARRAY
keyorder-delta-snappy,orders,o_orderkey,INT64,5140649,99988818,150000000,DELTA_BINARY_PACKED
keyorder-delta-snappy,orders,o_custkey,INT64,478639383,478581734,150000000,DELTA_BINARY_PACKED
keyorder-delta-snappy,orders,o_orderstatus,BYTE_ARRAY,93624795,165857193,150000000,DELTA_BYTE_ARRAY
keyorder-delta-snappy,orders,o_totalprice,INT64,498435554,498366652,150000000,DELTA_BINARY_PACKED
keyorder-delta-snappy,orders,o_orderdate,INT32,240824388,240775382,150000000,DELTA_BINARY_PACKED
keyorder-delta-snappy,orders,o_orderpriority,BYTE_ARRAY,373352072,1207712352,150000000,DELTA_BYTE_ARRAY
keyorder-delta-snappy,orders,o_clerk,BYTE_ARRAY,695356744,831920989,150000000,DELTA_BYTE_ARRAY
keyorder-delta-snappy,orders,o_shippriority,INT32,610534,6181669,150000000,DELTA_BINARY_PACKED
keyorder-delta-snappy,orders,o_comment,BYTE_ARRAY,2752815478,7455189146,150000000,DELTA_BYTE_ARRAY
keyorder-delta-snappy,orders,ignore,BYTE_ARRAY,344000,328000,150000000,DELTA_BYTE_ARRAY
keyorder-delta-snappy,partsupp,ps_partkey,INT64,866490,13338275,80000000,DELTA_BINARY_PACKED
keyorder-delta-snappy,partsupp,ps_suppkey,INT64,9891859,204650558,80000000,DELTA_BINARY_PACKED
keyorder-delta-snappy,partsupp,ps_availqty,INT32,150944358,150914279,80000000,DELTA_BINARY_PACKED
keyorder-delta-snappy,partsupp,ps_supplycost,INT64,184660403,184611309,80000000,DELTA_BINARY_PACKED
keyorder-delta-snappy,partsupp,ps_comment,BYTE_ARRAY,3320413744,9991580580,80000000,DELTA_BYTE_ARRAY
keyorder-delta-snappy,partsupp,ignore,BYTE_ARRAY,206036,196436,80000000,DELTA_BYTE_ARRAY
keyorder-delta-snappy,part,p_partkey,INT64,113609,847539,20000000,DELTA_BINARY_PACKED
keyorder-delta-snappy,part,p_name,BYTE_ARRAY,253985582,675235461,20000000,DELTA_BYTE_ARRAY
keyorder-delta-snappy,part,p_mfgr,BYTE_ARRAY,17211346,27734552,20000000,DELTA_BYTE_ARRAY
keyorder-delta-snappy,part,p_brand,BYTE_ARRAY,32084909,50181504,20000000,DELTA_BYTE_ARRAY
keyorder-delta-snappy,part,p_type,BYTE_ARRAY,128348764,410193988,20000000,DELTA_BYTE_ARRAY
keyorder-delta-snappy,part,p_size,INT32,18372061,18362857,20000000,DELTA_BINARY_PACKED
keyorder-delta-snappy,part,p_container,BYTE_ARRAY,68045517,156364640,20000000,DELTA_BYTE_ARRAY
keyorder-delta-snappy,part,p_retailprice,INT64,1093050,8657458,20000000,DELTA_BINARY_PACKED
keyorder-delta-snappy,part,p_comment,BYTE_ARRAY,158850946,289746104,20000000,DELTA_BYTE_ARRAY
keyorder-delta-snappy,part,ignore,BYTE_ARRAY,68800,65600,20000000,DELTA_BYTE_ARRAY
keyorder-delta-snappy,customer,c_custkey,INT64,104321,652171,15000000,DELTA_BINARY_PACKED
keyorder-delta-snappy,customer,c_name,BYTE_ARRAY,3449173,27055779,15000000,DELTA_BYTE_ARRAY
keyorder-delta-snappy,customer,c_address,BYTE_ARRAY,387975714,389655198,15000000,DELTA_BYTE_ARRAY
keyorder-delta-snappy,customer,c_nationkey,INT64,11947648,11912456,15000000,DELTA_BINARY_PACKED
keyorder-delta-snappy,customer,c_phone,BYTE_ARRAY,183415205,231102003,15000000,DELTA_BYTE_ARRAY
keyorder-delta-snappy,customer,c_acctbal,INT64,40376866,40366488,15000000,DELTA_BINARY_PACKED
keyorder-delta-snappy,customer,c_mktsegment,BYTE_ARRAY,35619661,128036232,15000000,DELTA_BYTE_ARRAY
keyorder-delta-snappy,customer,c_comment,BYTE_ARRAY,386616690,1107271112,15000000,DELTA_BYTE_ARRAY
keyorder-delta-snappy,customer,ignore,BYTE_ARRAY,68780,65580,15000000,DELTA_BYTE_ARRAY
keyorder-delta-snappy,supplier,s_suppkey,INT64,70385,96735,1000000,DELTA_BINARY_PACKED
keyorder-delta-snappy,supplier,s_name,BYTE_ARRAY,677992,1978298,1000000,DELTA_BYTE_ARRAY
keyorder-delta-snappy,supplier,s_address,BYTE_ARRAY,25991033,26060925,1000000,DELTA_BYTE_ARRAY
keyorder-delta-snappy,supplier,s_nationkey,INT64,870868,863674,1000000,DELTA_BINARY_PACKED
keyorder-delta-snappy,supplier,s_phone,BYTE_ARRAY,13631142,15490029,1000000,DELTA_BYTE_ARRAY
keyorder-delta-snappy,supplier,s_acctbal,INT64,2817180,2809233,1000000,DELTA_BINARY_PACKED
keyorder-delta-snappy,supplier,s_comment,BYTE_ARRAY,23894645,63861768,1000000,DELTA_BYTE_ARRAY
keyorder-delta-snappy,supplier,ignore,BYTE_ARRAY,62400,59200,1000000,DELTA_BYTE_ARRAY
keyorder-delta-snappy,nation,n_nationkey,INT64,750,700,25,DELTA_BINARY_PACKED
keyorder-delta-snappy,nation,n_name,BYTE_ARRAY,1049,1002,25,DELTA_BYTE_ARRAY
keyorder-delta-snappy,nation,n_regionkey,INT64,750,700,25,DELTA_BINARY_PACKED
keyorder-delta-snappy,nation,n_comment,BYTE_ARRAY,2747,2734,25,DELTA_BYTE_ARRAY
keyorder-delta-snappy,nation,ignore,BYTE_ARRAY,875,825,25,DELTA_BYTE_ARRAY
keyorder-delta-snappy,region,r_regionkey,INT64,150,140,5,DELTA_BINARY_PACKED
keyorder-delta-snappy,region,r_name,BYTE_ARRAY,208,199,5,DELTA_BYTE_ARRAY
keyorder-delta-snappy,region,r_comment,BYTE_ARRAY,491,501,5,DELTA_BYTE_ARRAY
keyorder-delta-snappy,region,ignore,BYTE_ARRAY,175,165,5,DELTA_BYTE_ARRAY
keyorder-dict-snappy,lineitem,l_orderkey,INT64,1533496150,2385508786,600037902,BIT_PACKED|PLAIN_DICTIONARY|RLE
keyorder-dict-snappy,lineitem,l_partkey,INT64,3268891448,4801439027,600037902,BIT_PACKED|PLAIN|RLE
keyorder-dict-snappy,lineitem,l_suppkey,INT64,2962701883,4801439075,600037902,BIT_PACKED|PLAIN|RLE
keyorder-dict-snappy,lineitem,l_linenumber,INT32,160836521,227397395,600037902,BIT_PACKED|PLAIN_DICTIONARY|RLE
keyorder-dict-snappy,lineitem,l_quantity,INT64,452961511,453071874,600037902,BIT_PACKED|PLAIN_DICTIONARY|RLE
keyorder-dict-snappy,lineitem,l_extendedprice,INT64,3103628118,4801439066,600037902,BIT_PACKED|PLAIN|RLE
keyorder-dict-snappy,lineitem,l_discount,INT64,302658173,302559409,600037902,BIT_PACKED|PLAIN_DICTIONARY|RLE
keyorder-dict-snappy,lineitem,l_tax,INT64,302645213,302533797,600037902,BIT_PACKED|PLAIN_DICTIONARY|RLE
keyorder-dict-snappy,lineitem,l_returnflag,BYTE_ARRAY,147715585,147554055,600037902,BIT_PACKED|PLAIN_DICTIONARY|RLE
keyorder-dict-snappy,lineitem,l_linestatus,BYTE_ARRAY,94822976,95077907,600037902,BIT_PACKED|PLAIN_DICTIONARY|RLE
keyorder-dict-snappy,lineitem,l_shipdate,INT32,918824043,918631451,600037902,BIT_PACKED|PLAIN_DICTIONARY|RLE
keyorder-dict-snappy,lineitem,l_commitdate,INT32,918443884,918251321,600037902,BIT_PACKED|PLAIN_DICTIONARY|RLE
keyorder-dict-snappy,lineitem,l_receiptdate,INT32,918950087,918757490,600037902,BIT_PACKED|PLAIN_DICTIONARY|RLE
keyorder-dict-snappy,lineitem,l_shipinstruct,BYTE_ARRAY,152614310,152455681,600037902,BIT_PACKED|PLAIN_DICTIONARY|RLE
keyorder-dict-snappy,lineitem,l_shipmode,BYTE_ARRAY,227597869,227445281,600037902,BIT_PACKED|PLAIN_DICTIONARY|RLE
keyorder-dict-snappy,lineitem,l_comment,BYTE_ARRAY,7717024506,18302180176,600037902,BIT_PACKED|PLAIN|RLE
keyorder-dict-snappy,lineitem,ignore,BYTE_ARRAY,1076319,1014735,600037902,BIT_PACKED|PLAIN|RLE
keyorder-dict-snappy,orders,o_orderkey,INT64,598482592,1200295503,150000000,BIT_PACKED|PLAIN|RLE
keyorder-dict-snappy,orders,o_custkey,INT64,801683220,1200295501,150000000,BIT_PACKED|PLAIN|RLE
keyorder-dict-snappy,orders,o_orderstatus,BYTE_ARRAY,38226466,38182590,150000000,BIT_PACKED|PLAIN_DICTIONARY|RLE
keyorder-dict-snappy,orders,o_totalprice,INT64,840655189,1200295498,150000000,BIT_PACKED|PLAIN|RLE
keyorder-dict-snappy,orders,o_orderdate,INT32,241106083,241048931,150000000,BIT_PACKED|PLAIN_DICTIONARY|RLE
keyorder-dict-snappy,orders,o_orderpriority,BYTE_ARRAY,57013262,56970120,150000000,BIT_PACKED|PLAIN_DICTIONARY|RLE
keyorder-dict-snappy,orders,o_clerk,BYTE_ARRAY,958212023,2847752334,150000000,BIT_PACKED|PLAIN|PLAIN_DICTIONARY|RLE
keyorder-dict-snappy,orders,o_shippriority,INT32,351908,332708,150000000,BIT_PACKED|PLAIN_DICTIONARY|RLE
keyorder-dict-snappy,orders,o_comment,BYTE_ARRAY,2973830667,7875374820,150000000,BIT_PACKED|PLAIN|RLE
keyorder-dict-snappy,orders,ignore,BYTE_ARRAY,279892,263892,150000000,BIT_PACKED|PLAIN|RLE
keyorder-dict-snappy,partsupp,ps_partkey,INT64,209471110,296401979,80000000,BIT_PACKED|PLAIN_DICTIONARY|RLE
keyorder-dict-snappy,partsupp,ps_suppkey,INT64,320728174,640177148,80000000,BIT_PACKED|PLAIN|RLE
keyorder-dict-snappy,partsupp,ps_availqty,INT32,203991802,203953314,80000000,BIT_PACKED|PLAIN_DICTIONARY|RLE
keyorder-dict-snappy,partsupp,ps_supplycost,INT64,359642207,640177135,80000000,BIT_PACKED|PLAIN|RLE
keyorder-dict-snappy,partsupp,ps_comment,BYTE_ARRAY,3405857485,10200438870,80000000,BIT_PACKED|PLAIN|RLE
keyorder-dict-snappy,partsupp,ignore,BYTE_ARRAY,167743,158143,80000000,BIT_PACKED|PLAIN|RLE
keyorder-dict-snappy,part,p_partkey,INT64,80123536,160059106,20000000,BIT_PACKED|PLAIN|RLE
keyorder-dict-snappy,part,p_name,BYTE_ARRAY,267618147,735042979,20000000,BIT_PACKED|PLAIN|RLE
keyorder-dict-snappy,part,p_mfgr,BYTE_ARRAY,7703955,7775955,20000000,BIT_PACKED|PLAIN_DICTIONARY|RLE
keyorder-dict-snappy,part,p_brand,BYTE_ARRAY,12836038,13115498,20000000,BIT_PACKED|PLAIN_DICTIONARY|RLE
keyorder-dict-snappy,part,p_type,BYTE_ARRAY,21992253,26045923,20000000,BIT_PACKED|PLAIN_DICTIONARY|RLE
keyorder-dict-snappy,part,p_size,INT32,15473317,15458917,20000000,BIT_PACKED|PLAIN_DICTIONARY|RLE
keyorder-dict-snappy,part,p_container,BYTE_ARRAY,15565177,15879697,20000000,BIT_PACKED|PLAIN_DICTIONARY|RLE
keyorder-dict-snappy,part,p_retailprice,INT64,43528257,57918161,20000000,BIT_PACKED|PLAIN_DICTIONARY|RLE
keyorder-dict-snappy,part,p_comment,BYTE_ARRAY,170636429,350034540,20000000,BIT_PACKED|PLAIN|RLE
keyorder-dict-snappy,part,ignore,BYTE_ARRAY,55892,52692,20000000,BIT_PACKED|PLAIN|RLE
keyorder-dict-snappy,customer,c_custkey,INT64,60118880,120059084,15000000,BIT_PACKED|PLAIN|RLE
keyorder-dict-snappy,customer,c_name,BYTE_ARRAY,74679639,330059090,15000000,BIT_PACKED|PLAIN|RLE
keyorder-dict-snappy,customer,c_address,BYTE_ARRAY,428908262,435030007,15000000,BIT_PACKED|PLAIN|RLE
keyorder-dict-snappy,customer,c_nationkey,INT64,9685274,9819978,15000000,BIT_PACKED|PLAIN_DICTIONARY|RLE
keyorder-dict-snappy,customer,c_phone,BYTE_ARRAY,178507207,285059086,15000000,BIT_PACKED|PLAIN|RLE
keyorder-dict-snappy,customer,c_acctbal,INT64,74246843,120059096,15000000,BIT_PACKED|PLAIN|RLE
keyorder-dict-snappy,customer,c_mktsegment,BYTE_ARRAY,5861368,5852533,15000000,BIT_PACKED|PLAIN_DICTIONARY|RLE
keyorder-dict-snappy,customer,c_comment,BYTE_ARRAY,407853169,1147356047,15000000,BIT_PACKED|PLAIN|RLE
keyorder-dict-snappy,customer,ignore,BYTE_ARRAY,55884,52684,15000000,BIT_PACKED|PLAIN|RLE
keyorder-dict-snappy,supplier,s_suppkey,INT64,4078039,8052688,1000000,BIT_PACKED|PLAIN|RLE
keyorder-dict-snappy,supplier,s_name,BYTE_ARRAY,5190142,22054286,1000000,BIT_PACKED|PLAIN|RLE
keyorder-dict-snappy,supplier,s_address,BYTE_ARRAY,28832503,29053182,1000000,BIT_PACKED|PLAIN|RLE
keyorder-dict-snappy,supplier,s_nationkey,INT64,904596,1039340,1000000,BIT_PACKED|PLAIN_DICTIONARY|RLE
keyorder-dict-snappy,supplier,s_phone,BYTE_ARRAY,13062205,19054992,1000000,BIT_PACKED|PLAIN|RLE
keyorder-dict-snappy,supplier,s_acctbal,INT64,5065573,8052698,1000000,BIT_PACKED|PLAIN|RLE
keyorder-dict-snappy,supplier,s_comment,BYTE_ARRAY,24676694,66551535,1000000,BIT_PACKED|PLAIN|RLE
keyorder-dict-snappy,supplier,ignore,BYTE_ARRAY,52642,49442,1000000,BIT_PACKED|PLAIN|RLE
keyorder-dict-snappy,nation,n_nationkey,INT64,974,924,25,BIT_PACKED|PLAIN|RLE
keyorder-dict-snappy,nation,n_name,BYTE_ARRAY,1050,1000,25,BIT_PACKED|PLAIN|RLE
keyorder-dict-snappy,nation,n_regionkey,INT64,975,925,25,BIT_PACKED|PLAIN|RLE
keyorder-dict-snappy,nation,n_comment,BYTE_ARRAY,2759,2713,25,BIT_PACKED|PLAIN|RLE
keyorder-dict-snappy,nation,ignore,BYTE_ARRAY,775,725,25,BIT_PACKED|PLAIN|RLE
keyorder-dict-snappy,region,r_regionkey,INT64,195,185,5,BIT_PACKED|PLAIN|RLE
keyorder-dict-snappy,region,r_name,BYTE_ARRAY,209,199,5,BIT_PACKED|PLAIN|RLE
keyorder-dict-snappy,region,r_comment,BYTE_ARRAY,499,499,5,BIT_PACKED|PLAIN|RLE
keyorder-dict-snappy,region,ignore,BYTE_ARRAY,155,145,5,BIT_PACKED|PLAIN|RLE
keyorder-plain-snappy,lineitem,l_orderkey,INT64,936575536,4801438754,600037902,BIT_PACKED|PLAIN|RLE
keyorder-plain-snappy,lineitem,l_partkey,INT64,3268891448,4801439027,600037902,BIT_PACKED|PLAIN|RLE
keyorder-plain-snappy,lineitem,l_suppkey,INT64,2962701883,4801439075,600037902,BIT_PACKED|PLAIN|RLE
keyorder-plain-snappy,lineitem,l_linenumber,INT32,476422081,2401286698,600037902,BIT_PACKED|PLAIN|RLE
keyorder-plain-snappy,lineitem,l_quantity,INT64,1204170401,4801438898,600037902,BIT_PACKED|PLAIN|RLE
keyorder-plain-snappy,lineitem,l_extendedprice,INT64,3103628118,4801439066,600037902,BIT_PACKED|PLAIN|RLE
keyorder-plain-snappy,lineitem,l_discount,INT64,1144537757,4801438752,600037902,BIT_PACKED|PLAIN|RLE
keyorder-plain-snappy,lineitem,l_tax,INT64,1129542595,4801438803,600037902,BIT_PACKED|PLAIN|RLE
keyorder-plain-snappy,lineitem,l_returnflag,BYTE_ARRAY,567217603,3001324715,600037902,BIT_PACKED|PLAIN|RLE
keyorder-plain-snappy,lineitem,l_linestatus,BYTE_ARRAY,348961307,3001324368,600037902,BIT_PACKED|PLAIN|RLE
keyorder-plain-snappy,lineitem,l_shipdate,INT32,1858734937,2401287327,600037902,BIT_PACKED|PLAIN|RLE
keyorder-plain-snappy,lineitem,l_commitdate,INT32,1822454068,2401287332,600037902,BIT_PACKED|PLAIN|RLE
keyorder-plain-snappy,lineitem,l_receiptdate,INT32,1860879255,2401287343,600037902,BIT_PACKED|PLAIN|RLE
keyorder-plain-snappy,lineitem,l_shipinstruct,BYTE_ARRAY,1287175452,9601624241,600037902,BIT_PACKED|PLAIN|RLE
keyorder-plain-snappy,lineitem,l_shipmode,BYTE_ARRAY,1345526459,4972849407,600037902,BIT_PACKED|PLAIN|RLE
keyorder-plain-snappy,lineitem,l_comment,BYTE_ARRAY,7717024506,18302180176,600037902,BIT_PACKED|PLAIN|RLE
keyorder-plain-snappy,lineitem,ignore,BYTE_ARRAY,1076319,1014735,600037902,BIT_PACKED|PLAIN|RLE
keyorder-plain-snappy,orders,o_orderkey,INT64,598482592,1200295503,150000000,BIT_PACKED|PLAIN|RLE
keyorder-plain-snappy,orders,o_custkey,INT64,801683220,1200295501,150000000,BIT_PACKED|PLAIN|RLE
keyorder-plain-snappy,orders,o_orderstatus,BYTE_ARRAY,175208925,750295492,150000000,BIT_PACKED|PLAIN|RLE
keyorder-plain-snappy,orders,o_totalprice,INT64,840655189,1200295498,150000000,BIT_PACKED|PLAIN|RLE
keyorder-plain-snappy,orders,o_orderdate,INT32,479464244,600295483,150000000,BIT_PACKED|PLAIN|RLE
keyorder-plain-snappy,orders,o_orderpriority,BYTE_ARRAY,342326305,1860320357,150000000,BIT_PACKED|PLAIN|RLE
keyorder-plain-snappy,orders,o_clerk,BYTE_ARRAY,958211371,2850295496,150000000,BIT_PACKED|PLAIN|RLE
keyorder-plain-snappy,orders,o_shippriority,INT32,28480460,600287902,150000000,BIT_PACKED|PLAIN|RLE
keyorder-plain-snappy,orders,o_comment,BYTE_ARRAY,2973830667,7875374820,150000000,BIT_PACKED|PLAIN|RLE
keyorder-plain-snappy,orders,ignore,BYTE_ARRAY,279892,263892,150000000,BIT_PACKED|PLAIN|RLE
keyorder-plain-snappy,partsupp,ps_partkey,INT64,140489371,640177111,80000000,BIT_PACKED|PLAIN|RLE
keyorder-plain-snappy,partsupp,ps_suppkey,INT64,320728174,640177148,80000000,BIT_PACKED|PLAIN|RLE
keyorder-plain-snappy,partsupp,ps_availqty,INT32,314602978,320177127,80000000,BIT_PACKED|PLAIN|RLE
keyorder-plain-snappy,partsupp,ps_supplycost,INT64,359642207,640177135,80000000,BIT_PACKED|PLAIN|RLE
keyorder-plain-snappy,partsupp,ps_comment,BYTE_ARRAY,3405857485,10200438870,80000000,BIT_PACKED|PLAIN|RLE
keyorder-plain-snappy,partsupp,ignore,BYTE_ARRAY,167743,158143,80000000,BIT_PACKED|PLAIN|RLE
keyorder-plain-snappy,part,p_partkey,INT64,80123536,160059106,20000000,BIT_PACKED|PLAIN|RLE
keyorder-plain-snappy,part,p_name,BYTE_ARRAY,267618147,735042979,20000000,BIT_PACKED|PLAIN|RLE
keyorder-plain-snappy,part,p_mfgr,BYTE_ARRAY,48535885,360059095,20000000,BIT_PACKED|PLAIN|RLE
keyorder-plain-snappy,part,p_brand,BYTE_ARRAY,55348193,240059097,20000000,BIT_PACKED|PLAIN|RLE
keyorder-plain-snappy,part,p_type,BYTE_ARRAY,130694289,492058266,20000000,BIT_PACKED|PLAIN|RLE
keyorder-plain-snappy,part,p_size,INT32,39392118,80059100,20000000,BIT_PACKED|PLAIN|RLE
keyorder-plain-snappy,part,p_container,BYTE_ARRAY,68859264,231552081,20000000,BIT_PACKED|PLAIN|RLE
keyorder-plain-snappy,part,p_retailprice,INT64,33133292,160059080,20000000,BIT_PACKED|PLAIN|RLE
keyorder-plain-snappy,part,p_comment,BYTE_ARRAY,170636429,350034540,20000000,BIT_PACKED|PLAIN|RLE
keyorder-plain-snappy,part,ignore,BYTE_ARRAY,55892,52692,20000000,BIT_PACKED|PLAIN|RLE
keyorder-plain-snappy,customer,c_custkey,INT64,60118880,120059084,15000000,BIT_PACKED|PLAIN|RLE
keyorder-plain-snappy,customer,c_name,BYTE_ARRAY,74679639,330059090,15000000,BIT_PACKED|PLAIN|RLE
keyorder-plain-snappy,customer,c_address,BYTE_ARRAY,428908262,435030007,15000000,BIT_PACKED|PLAIN|RLE
keyorder-plain-snappy,customer,c_nationkey,INT64,29642871,120059102,15000000,BIT_PACKED|PLAIN|RLE
keyorder-plain-snappy,customer,c_phone,BYTE_ARRAY,178507207,285059086,15000000,BIT_PACKED|PLAIN|RLE
keyorder-plain-snappy,customer,c_acctbal,INT64,74246843,120059096,15000000,BIT_PACKED|PLAIN|RLE
keyorder-plain-snappy,customer,c_mktsegment,BYTE_ARRAY,37744249,195061752,15000000,BIT_PACKED|PLAIN|RLE
keyorder-plain-snappy,customer,c_comment,BYTE_ARRAY,407853169,1147356047,15000000,BIT_PACKED|PLAIN|RLE
keyorder-plain-snappy,customer,ignore,BYTE_ARRAY,55884,52684,15000000,BIT_PACKED|PLAIN|RLE
keyorder-plain-snappy,supplier,s_suppkey,INT64,4078039,8052688,1000000,BIT_PACKED|PLAIN|RLE
keyorder-plain-snappy,supplier,s_name,BYTE_ARRAY,5190142,22054286,1000000,BIT_PACKED|PLAIN|RLE
keyorder-plain-snappy,supplier,s_address,BYTE_ARRAY,28832503,29053182,1000000,BIT_PACKED|PLAIN|RLE
keyorder-plain-snappy,supplier,s_nationkey,INT64,2127570,8052702,1000000,BIT_PACKED|PLAIN|RLE
keyorder-plain-snappy,supplier,s_phone,BYTE_ARRAY,13062205,19054992,1000000,BIT_PACKED|PLAIN|RLE
keyorder-plain-snappy,supplier,s_acctbal,INT64,5065573,8052698,1000000,BIT_PACKED|PLAIN|RLE
keyorder-plain-snappy,supplier,s_comment,BYTE_ARRAY,24676694,66551535,1000000,BIT_PACKED|PLAIN|RLE
keyorder-plain-snappy,supplier,ignore,BYTE_ARRAY,52642,49442,1000000,BIT_PACKED|PLAIN|RLE
keyorder-plain-snappy,nation,n_nationkey,INT64,974,924,25,BIT_PACKED|PLAIN|RLE
keyorder-plain-snappy,nation,n_name,BYTE_ARRAY,1050,1000,25,BIT_PACKED|PLAIN|RLE
keyorder-plain-snappy,nation,n_regionkey,INT64,975,925,25,BIT_PACKED|PLAIN|RLE
keyorder-plain-snappy,nation,n_comment,BYTE_ARRAY,2759,2713,25,BIT_PACKED|PLAIN|RLE
keyorder-plain-snappy,nation,ignore,BYTE_ARRAY,775,725,25,BIT_PACKED|PLAIN|RLE
keyorder-plain-snappy,region,r_regionkey,INT64,195,185,5,BIT_PACKED|PLAIN|RLE
keyorder-plain-snappy,region,r_name,BYTE_ARRAY,209,199,5,BIT_PACKED|PLAIN|RLE
keyorder-plain-snappy,region,r_comment,BYTE_ARRAY,499,499,5,BIT_PACKED|PLAIN|RLE
keyorder-plain-snappy,region,ignore,BYTE_ARRAY,155,145,5,BIT_PACKED|PLAIN|RLE
shuffle-delta-lz4raw,lineitem,l_orderkey,INT64,1551041658,1545121782,600037902,DELTA_BINARY_PACKED
shuffle-delta-lz4raw,lineitem,l_partkey,INT64,1960940202,1953251878,600037902,DELTA_BINARY_PACKED
shuffle-delta-lz4raw,lineitem,l_suppkey,INT64,1615166609,1609395197,600037902,DELTA_BINARY_PACKED
shuffle-delta-lz4raw,lineitem,l_linenumber,INT32,319882420,324688775,600037902,DELTA_BINARY_PACKED
shuffle-delta-lz4raw,lineitem,l_quantity,INT64,1057643550,1053881658,600037902,DELTA_BINARY_PACKED
shuffle-delta-lz4raw,lineitem,l_extendedprice,INT64,1850758389,1843675496,600037902,DELTA_BINARY_PACKED
shuffle-delta-lz4raw,lineitem,l_discount,INT64,395176374,397571827,600037902,DELTA_BINARY_PACKED
shuffle-delta-lz4raw,lineitem,l_tax,INT64,344408747,345393651,600037902,DELTA_BINARY_PACKED
shuffle-delta-lz4raw,lineitem,l_returnflag,BYTE_ARRAY,510258266,721611001,600037902,DELTA_BYTE_ARRAY
shuffle-delta-lz4raw,lineitem,l_linestatus,BYTE_ARRAY,331150952,648588248,600037902,DELTA_BYTE_ARRAY
shuffle-delta-lz4raw,lineitem,l_shipdate,INT32,967728692,963952263,600037902,DELTA_BINARY_PACKED
shuffle-delta-lz4raw,lineitem,l_commitdate,INT32,967029354,963256054,600037902,DELTA_BINARY_PACKED
shuffle-delta-lz4raw,lineitem,l_receiptdate,INT32,967783225,964006041,600037902,DELTA_BINARY_PACKED
shuffle-delta-lz4raw,lineitem,l_shipinstruct,BYTE_ARRAY,1609864213,6345179982,600037902,DELTA_BYTE_ARRAY
shuffle-delta-lz4raw,lineitem,l_shipmode,BYTE_ARRAY,1357814238,2828000501,600037902,DELTA_BYTE_ARRAY
shuffle-delta-lz4raw,lineitem,l_comment,BYTE_ARRAY,7339973639,16549834770,600037902,DELTA_BYTE_ARRAY
shuffle-delta-lz4raw,lineitem,ignore,BYTE_ARRAY,1276800,1246400,600037902,DELTA_BYTE_ARRAY
shuffle-delta-lz4raw,orders,o_orderkey,INT64,386740771,385260620,150000000,DELTA_BINARY_PACKED
shuffle-delta-lz4raw,orders,o_custkey,INT64,480430226,478566096,150000000,DELTA_BINARY_PACKED
shuffle-delta-lz4raw,orders,o_orderstatus,BYTE_ARRAY,98030736,165861435,150000000,DELTA_BYTE_ARRAY
shuffle-delta-lz4raw,orders,o_totalprice,INT64,500300947,498348284,150000000,DELTA_BINARY_PACKED
shuffle-delta-lz4raw,orders,o_orderdate,INT32,241712992,240768364,150000000,DELTA_BINARY_PACKED
shuffle-delta-lz4raw,orders,o_orderpriority,BYTE_ARRAY,444706587,1207638309,150000000,DELTA_BYTE_ARRAY
shuffle-delta-lz4raw,orders,o_clerk,BYTE_ARRAY,767342648,831922821,150000000,DELTA_BYTE_ARRAY
shuffle-delta-lz4raw,orders,o_shippriority,INT32,390400,6182400,150000000,DELTA_BINARY_PACKED
shuffle-delta-lz4raw,orders,o_comment,BYTE_ARRAY,2988315520,7455162856,150000000,DELTA_BYTE_ARRAY
shuffle-delta-lz4raw,orders,ignore,BYTE_ARRAY,336000,328000,150000000,DELTA_BYTE_ARRAY
shuffle-delta-lz4raw,partsupp,ps_partkey,INT64,156754491,156545615,80000000,DELTA_BINARY_PACKED
shuffle-delta-lz4raw,partsupp,ps_suppkey,INT64,214880022,214661219,80000000,DELTA_BINARY_PACKED
shuffle-delta-lz4raw,partsupp,ps_availqty,INT32,151470134,150914515,80000000,DELTA_BINARY_PACKED
shuffle-delta-lz4raw,partsupp,ps_supplycost,INT64,185137234,184618506,80000000,DELTA_BINARY_PACKED
shuffle-delta-lz4raw,partsupp,ps_comment,BYTE_ARRAY,3685141430,9991583067,80000000,DELTA_BYTE_ARRAY
shuffle-delta-lz4raw,partsupp,ignore,BYTE_ARRAY,201600,196800,80000000,DELTA_BYTE_ARRAY
shuffle-delta-lz4raw,part,p_partkey,INT64,43165034,43003330,20000000,DELTA_BINARY_PACKED
shuffle-delta-lz4raw,part,p_name,BYTE_ARRAY,313613493,675227177,20000000,DELTA_BYTE_ARRAY
shuffle-delta-lz4raw,part,p_mfgr,BYTE_ARRAY,19356661,27730094,20000000,DELTA_BYTE_ARRAY
shuffle-delta-lz4raw,part,p_brand,BYTE_ARRAY,34860420,50180312,20000000,DELTA_BYTE_ARRAY
shuffle-delta-lz4raw,part,p_type,BYTE_ARRAY,159791310,410191919,20000000,DELTA_BYTE_ARRAY
shuffle-delta-lz4raw,part,p_size,INT32,18404072,18359716,20000000,DELTA_BINARY_PACKED
shuffle-delta-lz4raw,part,p_container,BYTE_ARRAY,75020718,156346431,20000000,DELTA_BYTE_ARRAY
shuffle-delta-lz4raw,part,p_retailprice,INT64,46320804,46197680,20000000,DELTA_BINARY_PACKED
shuffle-delta-lz4raw,part,p_comment,BYTE_ARRAY,154203125,289745309,20000000,DELTA_BYTE_ARRAY
shuffle-delta-lz4raw,part,ignore,BYTE_ARRAY,67200,65600,20000000,DELTA_BYTE_ARRAY
shuffle-delta-lz4raw,customer,c_custkey,INT64,32474750,32352478,15000000,DELTA_BINARY_PACKED
shuffle-delta-lz4raw,customer,c_name,BYTE_ARRAY,78064989,81107860,15000000,DELTA_BYTE_ARRAY
shuffle-delta-lz4raw,customer,c_address,BYTE_ARRAY,389478141,389652493,15000000,DELTA_BYTE_ARRAY
shuffle-delta-lz4raw,customer,c_nationkey,INT64,11852228,11909628,15000000,DELTA_BINARY_PACKED
shuffle-delta-lz4raw,customer,c_phone,BYTE_ARRAY,196114973,231097360,15000000,DELTA_BYTE_ARRAY
shuffle-delta-lz4raw,customer,c_acctbal,INT64,40507527,40353530,15000000,DELTA_BINARY_PACKED
shuffle-delta-lz4raw,customer,c_mktsegment,BYTE_ARRAY,44208947,128044480,15000000,DELTA_BYTE_ARRAY
shuffle-delta-lz4raw,customer,c_comment,BYTE_ARRAY,425358131,1107274274,15000000,DELTA_BYTE_ARRAY
shuffle-delta-lz4raw,customer,ignore,BYTE_ARRAY,67200,65600,15000000,DELTA_BYTE_ARRAY
shuffle-delta-lz4raw,supplier,s_suppkey,INT64,2270954,2265406,1000000,DELTA_BINARY_PACKED
shuffle-delta-lz4raw,supplier,s_name,BYTE_ARRAY,4784161,4789776,1000000,DELTA_BYTE_ARRAY
shuffle-delta-lz4raw,supplier,s_address,BYTE_ARRAY,26087730,26058592,1000000,DELTA_BYTE_ARRAY
shuffle-delta-lz4raw,supplier,s_nationkey,INT64,866661,862176,1000000,DELTA_BINARY_PACKED
shuffle-delta-lz4raw,supplier,s_phone,BYTE_ARRAY,14211685,15486959,1000000,DELTA_BYTE_ARRAY
shuffle-delta-lz4raw,supplier,s_acctbal,INT64,2772720,2804187,1000000,DELTA_BINARY_PACKED
shuffle-delta-lz4raw,supplier,s_comment,BYTE_ARRAY,26024786,63859976,1000000,DELTA_BYTE_ARRAY
shuffle-delta-lz4raw,supplier,ignore,BYTE_ARRAY,60800,59200,1000000,DELTA_BYTE_ARRAY
shuffle-delta-lz4raw,nation,n_nationkey,INT64,725,700,25,DELTA_BINARY_PACKED
shuffle-delta-lz4raw,nation,n_name,BYTE_ARRAY,1036,1002,25,DELTA_BYTE_ARRAY
shuffle-delta-lz4raw,nation,n_regionkey,INT64,725,700,25,DELTA_BINARY_PACKED
shuffle-delta-lz4raw,nation,n_comment,BYTE_ARRAY,2738,2734,25,DELTA_BYTE_ARRAY
shuffle-delta-lz4raw,nation,ignore,BYTE_ARRAY,850,825,25,DELTA_BYTE_ARRAY
shuffle-delta-lz4raw,region,r_regionkey,INT64,145,140,5,DELTA_BINARY_PACKED
shuffle-delta-lz4raw,region,r_name,BYTE_ARRAY,206,199,5,DELTA_BYTE_ARRAY
shuffle-delta-lz4raw,region,r_comment,BYTE_ARRAY,479,501,5,DELTA_BYTE_ARRAY
shuffle-delta-lz4raw,region,ignore,BYTE_ARRAY,170,165,5,DELTA_BYTE_ARRAY
shuffle-delta-snappy,lineitem,l_orderkey,INT64,1545328603,1545121782,600037902,DELTA_BINARY_PACKED
shuffle-delta-snappy,lineitem,l_partkey,INT64,1953438198,1953251878,600037902,DELTA_BINARY_PACKED
shuffle-delta-snappy,lineitem,l_suppkey,INT64,1609634635,1609395197,600037902,DELTA_BINARY_PACKED
shuffle-delta-snappy,lineitem,l_linenumber,INT32,322410018,324688775,600037902,DELTA_BINARY_PACKED
shuffle-delta-snappy,lineitem,l_quantity,INT64,1054074010,1053881658,600037902,DELTA_BINARY_PACKED
shuffle-delta-snappy,lineitem,l_extendedprice,INT64,1843887636,1843675496,600037902,DELTA_BINARY_PACKED
shuffle-delta-snappy,lineitem,l_discount,INT64,395697157,397571827,600037902,DELTA_BINARY_PACKED
shuffle-delta-snappy,lineitem,l_tax,INT64,345606865,345393651,600037902,DELTA_BINARY_PACKED
shuffle-delta-snappy,lineitem,l_returnflag,BYTE_ARRAY,459510278,721611001,600037902,DELTA_BYTE_ARRAY
shuffle-delta-snappy,lineitem,l_linestatus,BYTE_ARRAY,332128914,648588248,600037902,DELTA_BYTE_ARRAY
shuffle-delta-snappy,lineitem,l_shipdate,INT32,964138358,963952263,600037902,DELTA_BINARY_PACKED
shuffle-delta-snappy,lineitem,l_commitdate,INT32,963442474,963256054,600037902,DELTA_BINARY_PACKED
shuffle-delta-snappy,lineitem,l_receiptdate,INT32,964192119,964006041,600037902,DELTA_BINARY_PACKED
shuffle-delta-snappy,lineitem,l_shipinstruct,BYTE_ARRAY,1515722769,6345179982,600037902,DELTA_BYTE_ARRAY
shuffle-delta-snappy,lineitem,l_shipmode,BYTE_ARRAY,1219281183,2828000501,600037902,DELTA_BYTE_ARRAY
shuffle-delta-snappy,lineitem,l_comment,BYTE_ARRAY,7121668356,16549834770,600037902,DELTA_BYTE_ARRAY
shuffle-delta-snappy,lineitem,ignore,BYTE_ARRAY,1307200,1246400,600037902,DELTA_BYTE_ARRAY
shuffle-delta-snappy,orders,o_orderkey,INT64,385315158,385260620,150000000,DELTA_BINARY_PACKED
shuffle-delta-snappy,orders,o_custkey,INT64,478623626,478566096,150000000,DELTA_BINARY_PACKED
shuffle-delta-snappy,orders,o_orderstatus,BYTE_ARRAY,93627699,165861435,150000000,DELTA_BYTE_ARRAY
shuffle-delta-snappy,orders,o_totalprice,INT64,498417280,498348284,150000000,DELTA_BINARY_PACKED
shuffle-delta-snappy,orders,o_orderdate,INT32,240817377,240768364,150000000,DELTA_BINARY_PACKED
shuffle-delta-snappy,orders,o_orderpriority,BYTE_ARRAY,373340619,1207638309,150000000,DELTA_BYTE_ARRAY
shuffle-delta-snappy,orders,o_clerk,BYTE_ARRAY,695617375,831922821,150000000,DELTA_BYTE_ARRAY
shuffle-delta-snappy,orders,o_shippriority,INT32,611200,6182400,150000000,DELTA_BINARY_PACKED
shuffle-delta-snappy,orders,o_comment,BYTE_ARRAY,2753456652,7455162856,150000000,DELTA_BYTE_ARRAY
shuffle-delta-snappy,orders,ignore,BYTE_ARRAY,344000,328000,150000000,DELTA_BYTE_ARRAY
shuffle-delta-snappy,partsupp,ps_partkey,INT64,156578927,156545615,80000000,DELTA_BINARY_PACKED
shuffle-delta-snappy,partsupp,ps_suppkey,INT64,214696004,214661219,80000000,DELTA_BINARY_PACKED
shuffle-delta-snappy,partsupp,ps_availqty,INT32,150944719,150914515,80000000,DELTA_BINARY_PACKED
shuffle-delta-snappy,partsupp,ps_supplycost,INT64,184665721,184618506,80000000,DELTA_BINARY_PACKED
shuffle-delta-snappy,partsupp,ps_comment,BYTE_ARRAY,3319934780,9991583067,80000000,DELTA_BYTE_ARRAY
shuffle-delta-snappy,partsupp,ignore,BYTE_ARRAY,206400,196800,80000000,DELTA_BYTE_ARRAY
shuffle-delta-snappy,part,p_partkey,INT64,43013782,43003330,20000000,DELTA_BINARY_PACKED
shuffle-delta-snappy,part,p_name,BYTE_ARRAY,253669703,675227177,20000000,DELTA_BYTE_ARRAY
shuffle-delta-snappy,part,p_mfgr,BYTE_ARRAY,17209358,27730094,20000000,DELTA_BYTE_ARRAY
shuffle-delta-snappy,part,p_brand,BYTE_ARRAY,32087780,50180312,20000000,DELTA_BYTE_ARRAY
shuffle-delta-snappy,part,p_type,BYTE_ARRAY,128259208,410191919,20000000,DELTA_BYTE_ARRAY
shuffle-delta-snappy,part,p_size,INT32,18369122,18359716,20000000,DELTA_BINARY_PACKED
shuffle-delta-snappy,part,p_container,BYTE_ARRAY,68063808,156346431,20000000,DELTA_BYTE_ARRAY
shuffle-delta-snappy,part,p_retailprice,INT64,46212798,46197680,20000000,DELTA_BINARY_PACKED
shuffle-delta-snappy,part,p_comment,BYTE_ARRAY,159210123,289745309,20000000,DELTA_BYTE_ARRAY
shuffle-delta-snappy,part,ignore,BYTE_ARRAY,68800,65600,20000000,DELTA_BYTE_ARRAY
shuffle-delta-snappy,customer,c_custkey,INT64,32363219,32352478,15000000,DELTA_BINARY_PACKED
shuffle-delta-snappy,customer,c_name,BYTE_ARRAY,73281283,81107860,15000000,DELTA_BYTE_ARRAY
shuffle-delta-snappy,customer,c_address,BYTE_ARRAY,387972343,389652493,15000000,DELTA_BYTE_ARRAY
shuffle-delta-snappy,customer,c_nationkey,INT64,11944059,11909628,15000000,DELTA_BINARY_PACKED
shuffle-delta-snappy,customer,c_phone,BYTE_ARRAY,183622861,231097360,15000000,DELTA_BYTE_ARRAY
shuffle-delta-snappy,customer,c_acctbal,INT64,40363962,40353530,15000000,DELTA_BINARY_PACKED
shuffle-delta-snappy,customer,c_mktsegment,BYTE_ARRAY,35622933,128044480,15000000,DELTA_BYTE_ARRAY
shuffle-delta-snappy,customer,c_comment,BYTE_ARRAY,386407169,1107274274,15000000,DELTA_BYTE_ARRAY
shuffle-delta-snappy,customer,ignore,BYTE_ARRAY,68800,65600,15000000,DELTA_BYTE_ARRAY
shuffle-delta-snappy,supplier,s_suppkey,INT64,2273404,2265406,1000000,DELTA_BINARY_PACKED
shuffle-delta-snappy,supplier,s_name,BYTE_ARRAY,4741321,4789776,1000000,DELTA_BYTE_ARRAY
shuffle-delta-snappy,supplier,s_address,BYTE_ARRAY,25987659,26058592,1000000,DELTA_BYTE_ARRAY
shuffle-delta-snappy,supplier,s_nationkey,INT64,870081,862176,1000000,DELTA_BINARY_PACKED
shuffle-delta-snappy,supplier,s_phone,BYTE_ARRAY,13590013,15486279,1000000,DELTA_BYTE_ARRAY
shuffle-delta-snappy,supplier,s_acctbal,INT64,2812181,2804187,1000000,DELTA_BINARY_PACKED
shuffle-delta-snappy,supplier,s_comment,BYTE_ARRAY,23931870,63859976,1000000,DELTA_BYTE_ARRAY
shuffle-delta-snappy,supplier,ignore,BYTE_ARRAY,62400,59200,1000000,DELTA_BYTE_ARRAY
shuffle-delta-snappy,nation,n_nationkey,INT64,750,700,25,DELTA_BINARY_PACKED
shuffle-delta-snappy,nation,n_name,BYTE_ARRAY,1049,1002,25,DELTA_BYTE_ARRAY
shuffle-delta-snappy,nation,n_regionkey,INT64,750,700,25,DELTA_BINARY_PACKED
shuffle-delta-snappy,nation,n_comment,BYTE_ARRAY,2747,2734,25,DELTA_BYTE_ARRAY
shuffle-delta-snappy,nation,ignore,BYTE_ARRAY,875,825,25,DELTA_BYTE_ARRAY
shuffle-delta-snappy,region,r_regionkey,INT64,150,140,5,DELTA_BINARY_PACKED
shuffle-delta-snappy,region,r_name,BYTE_ARRAY,208,199,5,DELTA_BYTE_ARRAY
shuffle-delta-snappy,region,r_comment,BYTE_ARRAY,491,501,5,DELTA_BYTE_ARRAY
shuffle-delta-snappy,region,ignore,BYTE_ARRAY,175,165,5,DELTA_BYTE_ARRAY
shuffle-delta-zstd,lineitem,l_orderkey,INT64,1545395382,1545121782,600037902,DELTA_BINARY_PACKED
shuffle-delta-zstd,lineitem,l_partkey,INT64,1953525478,1953251878,600037902,DELTA_BINARY_PACKED
shuffle-delta-zstd,lineitem,l_suppkey,INT64,1609668797,1609395197,600037902,DELTA_BINARY_PACKED
shuffle-delta-zstd,lineitem,l_linenumber,INT32,257001094,324688775,600037902,DELTA_BINARY_PACKED
shuffle-delta-zstd,lineitem,l_quantity,INT64,999620461,1053881658,600037902,DELTA_BINARY_PACKED
shuffle-delta-zstd,lineitem,l_extendedprice,INT64,1843949096,1843675496,600037902,DELTA_BINARY_PACKED
shuffle-delta-zstd,lineitem,l_discount,INT64,373060515,397571827,600037902,DELTA_BINARY_PACKED
shuffle-delta-zstd,lineitem,l_tax,INT64,326875243,345392937,600037902,DELTA_BINARY_PACKED
shuffle-delta-zstd,lineitem,l_returnflag,BYTE_ARRAY,279069461,721609401,600037902,DELTA_BYTE_ARRAY
shuffle-delta-zstd,lineitem,l_linestatus,BYTE_ARRAY,198553951,648557848,600037902,DELTA_BYTE_ARRAY
shuffle-delta-zstd,lineitem,l_shipdate,INT32,964225863,963952263,600037902,DELTA_BINARY_PACKED
shuffle-delta-zstd,lineitem,l_commitdate,INT32,963529654,963256054,600037902,DELTA_BINARY_PACKED
shuffle-delta-zstd,lineitem,l_receiptdate,INT32,964279641,964006041,600037902,DELTA_BINARY_PACKED
shuffle-delta-zstd,lineitem,l_shipinstruct,BYTE_ARRAY,1016997614,6345179982,600037902,DELTA_BYTE_ARRAY
shuffle-delta-zstd,lineitem,l_shipmode,BYTE_ARRAY,820365794,2828000501,600037902,DELTA_BYTE_ARRAY
shuffle-delta-zstd,lineitem,l_comment,BYTE_ARRAY,4764367946,16549834770,600037902,DELTA_BYTE_ARRAY
shuffle-delta-zstd,lineitem,ignore,BYTE_ARRAY,1520000,1246400,600037902,DELTA_BYTE_ARRAY
shuffle-delta-zstd,orders,o_orderkey,INT64,385332620,385260620,150000000,DELTA_BINARY_PACKED
shuffle-delta-zstd,orders,o_custkey,INT64,478638096,478566096,150000000,DELTA_BINARY_PACKED
shuffle-delta-zstd,orders,o_orderstatus,BYTE_ARRAY,59433020,165853435,150000000,DELTA_BYTE_ARRAY
shuffle-delta-zstd,orders,o_totalprice,INT64,498420284,498348284,150000000,DELTA_BINARY_PACKED
shuffle-delta-zstd,orders,o_orderdate,INT32,240840364,240768364,150000000,DELTA_BINARY_PACKED
shuffle-delta-zstd,orders,o_orderpriority,BYTE_ARRAY,255480554,1207638309,150000000,DELTA_BYTE_ARRAY
shuffle-delta-zstd,orders,o_clerk,BYTE_ARRAY,415896721,831922821,150000000,DELTA_BYTE_ARRAY
shuffle-delta-zstd,orders,o_shippriority,INT32,422400,6182400,150000000,DELTA_BINARY_PACKED
shuffle-delta-zstd,orders,o_comment,BYTE_ARRAY,1881941972,7455162856,150000000,DELTA_BYTE_ARRAY
shuffle-delta-zstd,orders,ignore,BYTE_ARRAY,400000,328000,150000000,DELTA_BYTE_ARRAY
shuffle-delta-zstd,partsupp,ps_partkey,INT64,156588815,156545615,80000000,DELTA_BINARY_PACKED
shuffle-delta-zstd,partsupp,ps_suppkey,INT64,214704419,214661219,80000000,DELTA_BINARY_PACKED
shuffle-delta-zstd,partsupp,ps_availqty,INT32,150957715,150914515,80000000,DELTA_BINARY_PACKED
shuffle-delta-zstd,partsupp,ps_supplycost,INT64,184661706,184618506,80000000,DELTA_BINARY_PACKED
shuffle-delta-zstd,partsupp,ps_comment,BYTE_ARRAY,2235388660,9991583067,80000000,DELTA_BYTE_ARRAY
shuffle-delta-zstd,partsupp,ignore,BYTE_ARRAY,240000,196800,80000000,DELTA_BYTE_ARRAY
shuffle-delta-zstd,part,p_partkey,INT64,43017730,43003330,20000000,DELTA_BINARY_PACKED
shuffle-delta-zstd,part,p_name,BYTE_ARRAY,192464798,675227177,20000000,DELTA_BYTE_ARRAY
shuffle-delta-zstd,part,p_mfgr,BYTE_ARRAY,12051944,27728494,20000000,DELTA_BYTE_ARRAY
shuffle-delta-zstd,part,p_brand,BYTE_ARRAY,23917448,50180312,20000000,DELTA_BYTE_ARRAY
shuffle-delta-zstd,part,p_type,BYTE_ARRAY,84635904,410191919,20000000,DELTA_BYTE_ARRAY
shuffle-delta-zstd,part,p_size,INT32,17944211,18359716,20000000,DELTA_BINARY_PACKED
shuffle-delta-zstd,part,p_container,BYTE_ARRAY,48475665,156346431,20000000,DELTA_BYTE_ARRAY
shuffle-delta-zstd,part,p_retailprice,INT64,46212080,46197680,20000000,DELTA_BINARY_PACKED
shuffle-delta-zstd,part,p_comment,BYTE_ARRAY,104242591,289745309,20000000,DELTA_BYTE_ARRAY
shuffle-delta-zstd,part,ignore,BYTE_ARRAY,80000,65600,20000000,DELTA_BYTE_ARRAY
shuffle-delta-zstd,customer,c_custkey,INT64,32366878,32352478,15000000,DELTA_BINARY_PACKED
shuffle-delta-zstd,customer,c_name,BYTE_ARRAY,45911345,81107860,15000000,DELTA_BYTE_ARRAY
shuffle-delta-zstd,customer,c_address,BYTE_ARRAY,301408540,389652493,15000000,DELTA_BYTE_ARRAY
shuffle-delta-zstd,customer,c_nationkey,INT64,11282862,11909628,15000000,DELTA_BINARY_PACKED
shuffle-delta-zstd,customer,c_phone,BYTE_ARRAY,115161602,231097360,15000000,DELTA_BYTE_ARRAY
shuffle-delta-zstd,customer,c_acctbal,INT64,40367930,40353530,15000000,DELTA_BINARY_PACKED
shuffle-delta-zstd,customer,c_mktsegment,BYTE_ARRAY,24570533,128044480,15000000,DELTA_BYTE_ARRAY
shuffle-delta-zstd,customer,c_comment,BYTE_ARRAY,262761381,1107274274,15000000,DELTA_BYTE_ARRAY
shuffle-delta-zstd,customer,ignore,BYTE_ARRAY,80000,65600,15000000,DELTA_BYTE_ARRAY
shuffle-delta-zstd,supplier,s_suppkey,INT64,2274233,2265406,1000000,DELTA_BINARY_PACKED
shuffle-delta-zstd,supplier,s_name,BYTE_ARRAY,2942274,4789776,1000000,DELTA_BYTE_ARRAY
shuffle-delta-zstd,supplier,s_address,BYTE_ARRAY,20455236,26058592,1000000,DELTA_BYTE_ARRAY
shuffle-delta-zstd,supplier,s_nationkey,INT64,870729,862176,1000000,DELTA_BINARY_PACKED
shuffle-delta-zstd,supplier,s_phone,BYTE_ARRAY,7734004,15485359,1000000,DELTA_BYTE_ARRAY
shuffle-delta-zstd,supplier,s_acctbal,INT64,2810277,2804187,1000000,DELTA_BINARY_PACKED
shuffle-delta-zstd,supplier,s_comment,BYTE_ARRAY,16878065,63859976,1000000,DELTA_BYTE_ARRAY
shuffle-delta-zstd,supplier,ignore,BYTE_ARRAY,73600,59200,1000000,DELTA_BYTE_ARRAY
shuffle-delta-zstd,nation,n_nationkey,INT64,925,700,25,DELTA_BINARY_PACKED
shuffle-delta-zstd,nation,n_name,BYTE_ARRAY,1227,1002,25,DELTA_BYTE_ARRAY
shuffle-delta-zstd,nation,n_regionkey,INT64,925,700,25,DELTA_BINARY_PACKED
shuffle-delta-zstd,nation,n_comment,BYTE_ARRAY,2732,2737,25,DELTA_BYTE_ARRAY
shuffle-delta-zstd,nation,ignore,BYTE_ARRAY,1050,825,25,DELTA_BYTE_ARRAY
shuffle-delta-zstd,region,r_regionkey,INT64,185,140,5,DELTA_BINARY_PACKED
shuffle-delta-zstd,region,r_name,BYTE_ARRAY,244,199,5,DELTA_BYTE_ARRAY
shuffle-delta-zstd,region,r_comment,BYTE_ARRAY,500,502,5,DELTA_BYTE_ARRAY
shuffle-delta-zstd,region,ignore,BYTE_ARRAY,210,165,5,DELTA_BYTE_ARRAY
shuffle-dict-lz4raw,lineitem,l_orderkey,INT64,2787191583,4801426064,600037902,BIT_PACKED|PLAIN|RLE
shuffle-dict-lz4raw,lineitem,l_partkey,INT64,3107068087,4801426054,600037902,BIT_PACKED|PLAIN|RLE
shuffle-dict-lz4raw,lineitem,l_suppkey,INT64,2840367667,4801426090,600037902,BIT_PACKED|PLAIN|RLE
shuffle-dict-lz4raw,lineitem,l_linenumber,INT32,228317878,227383481,600037902,BIT_PACKED|PLAIN_DICTIONARY|RLE
shuffle-dict-lz4raw,lineitem,l_quantity,INT64,454595701,453059627,600037902,BIT_PACKED|PLAIN_DICTIONARY|RLE
shuffle-dict-lz4raw,lineitem,l_extendedprice,INT64,3033848769,4801426124,600037902,BIT_PACKED|PLAIN|RLE
shuffle-dict-lz4raw,lineitem,l_discount,INT64,303713623,302544677,600037902,BIT_PACKED|PLAIN_DICTIONARY|RLE
shuffle-dict-lz4raw,lineitem,l_tax,INT64,303700677,302519149,600037902,BIT_PACKED|PLAIN_DICTIONARY|RLE
shuffle-dict-lz4raw,lineitem,l_returnflag,BYTE_ARRAY,153102041,152468481,600037902,BIT_PACKED|PLAIN_DICTIONARY|RLE
shuffle-dict-lz4raw,lineitem,l_linestatus,BYTE_ARRAY,78535479,78174502,600037902,BIT_PACKED|PLAIN_DICTIONARY|RLE
shuffle-dict-lz4raw,lineitem,l_shipdate,INT32,922255325,918618664,600037902,BIT_PACKED|PLAIN_DICTIONARY|RLE
shuffle-dict-lz4raw,lineitem,l_commitdate,INT32,921873707,918238643,600037902,BIT_PACKED|PLAIN_DICTIONARY|RLE
shuffle-dict-lz4raw,lineitem,l_receiptdate,INT32,922381517,918744853,600037902,BIT_PACKED|PLAIN_DICTIONARY|RLE
shuffle-dict-lz4raw,lineitem,l_shipinstruct,BYTE_ARRAY,153075953,152442353,600037902,BIT_PACKED|PLAIN_DICTIONARY|RLE
shuffle-dict-lz4raw,lineitem,l_shipmode,BYTE_ARRAY,228364129,227431916,600037902,BIT_PACKED|PLAIN_DICTIONARY|RLE
shuffle-dict-lz4raw,lineitem,l_comment,BYTE_ARRAY,8214468285,18302167054,600037902,BIT_PACKED|PLAIN|RLE
shuffle-dict-lz4raw,lineitem,ignore,BYTE_ARRAY,1033433,1003033,600037902,BIT_PACKED|PLAIN|RLE
shuffle-dict-lz4raw,orders,o_orderkey,INT64,731144826,1200295464,150000000,BIT_PACKED|PLAIN|RLE
shuffle-dict-lz4raw,orders,o_custkey,INT64,769466945,1200295525,150000000,BIT_PACKED|PLAIN|RLE
shuffle-dict-lz4raw,orders,o_orderstatus,BYTE_ARRAY,38343479,38182813,150000000,BIT_PACKED|PLAIN_DICTIONARY|RLE
shuffle-dict-lz4raw,orders,o_totalprice,INT64,792860374,1200295515,150000000,BIT_PACKED|PLAIN|RLE
shuffle-dict-lz4raw,orders,o_orderdate,INT32,242005144,241049347,150000000,BIT_PACKED|PLAIN_DICTIONARY|RLE
shuffle-dict-lz4raw,orders,o_orderpriority,BYTE_ARRAY,57207992,56971267,150000000,BIT_PACKED|PLAIN_DICTIONARY|RLE
shuffle-dict-lz4raw,orders,o_clerk,BYTE_ARRAY,788634011,2849028399,150000000,BIT_PACKED|PLAIN|PLAIN_DICTIONARY|RLE
shuffle-dict-lz4raw,orders,o_shippriority,INT32,342211,332611,150000000,BIT_PACKED|PLAIN_DICTIONARY|RLE
shuffle-dict-lz4raw,orders,o_comment,BYTE_ARRAY,3220589828,7875390082,150000000,BIT_PACKED|PLAIN|RLE
shuffle-dict-lz4raw,orders,ignore,BYTE_ARRAY,271943,263943,150000000,BIT_PACKED|PLAIN|RLE
shuffle-dict-lz4raw,partsupp,ps_partkey,INT64,336397346,640177320,80000000,BIT_PACKED|PLAIN|RLE
shuffle-dict-lz4raw,partsupp,ps_suppkey,INT64,362851819,640177288,80000000,BIT_PACKED|PLAIN|RLE
shuffle-dict-lz4raw,partsupp,ps_availqty,INT32,204759912,203952131,80000000,BIT_PACKED|PLAIN_DICTIONARY|RLE
shuffle-dict-lz4raw,partsupp,ps_supplycost,INT64,332806363,640177286,80000000,BIT_PACKED|PLAIN|RLE
shuffle-dict-lz4raw,partsupp,ps_comment,BYTE_ARRAY,3814286259,10200438915,80000000,BIT_PACKED|PLAIN|RLE
shuffle-dict-lz4raw,partsupp,ignore,BYTE_ARRAY,163149,158349,80000000,BIT_PACKED|PLAIN|RLE
shuffle-dict-lz4raw,part,p_partkey,INT64,91656365,160059084,20000000,BIT_PACKED|PLAIN|RLE
shuffle-dict-lz4raw,part,p_name,BYTE_ARRAY,328221598,735042978,20000000,BIT_PACKED|PLAIN|RLE
shuffle-dict-lz4raw,part,p_mfgr,BYTE_ARRAY,7727589,7775590,20000000,BIT_PACKED|PLAIN_DICTIONARY|RLE
shuffle-dict-lz4raw,part,p_brand,BYTE_ARRAY,12866959,13114637,20000000,BIT_PACKED|PLAIN_DICTIONARY|RLE
shuffle-dict-lz4raw,part,p_type,BYTE_ARRAY,22352777,26045593,20000000,BIT_PACKED|PLAIN_DICTIONARY|RLE
shuffle-dict-lz4raw,part,p_size,INT32,15522533,15458533,20000000,BIT_PACKED|PLAIN_DICTIONARY|RLE
shuffle-dict-lz4raw,part,p_container,BYTE_ARRAY,15627654,15879342,20000000,BIT_PACKED|PLAIN_DICTIONARY|RLE
shuffle-dict-lz4raw,part,p_retailprice,INT64,81886708,160059101,20000000,BIT_PACKED|PLAIN|RLE
shuffle-dict-lz4raw,part,p_comment,BYTE_ARRAY,180517246,350034557,20000000,BIT_PACKED|PLAIN|RLE
shuffle-dict-lz4raw,part,ignore,BYTE_ARRAY,54123,52523,20000000,BIT_PACKED|PLAIN|RLE
shuffle-dict-lz4raw,customer,c_custkey,INT64,68732524,120059104,15000000,BIT_PACKED|PLAIN|RLE
shuffle-dict-lz4raw,customer,c_name,BYTE_ARRAY,101470847,330059124,15000000,BIT_PACKED|PLAIN|RLE
shuffle-dict-lz4raw,customer,c_address,BYTE_ARRAY,435749204,435030036,15000000,BIT_PACKED|PLAIN|RLE
shuffle-dict-lz4raw,customer,c_nationkey,INT64,9709268,9819973,15000000,BIT_PACKED|PLAIN_DICTIONARY|RLE
shuffle-dict-lz4raw,customer,c_phone,BYTE_ARRAY,196891193,285059093,15000000,BIT_PACKED|PLAIN|RLE
shuffle-dict-lz4raw,customer,c_acctbal,INT64,71657967,120059101,15000000,BIT_PACKED|PLAIN|RLE
shuffle-dict-lz4raw,customer,c_mktsegment,BYTE_ARRAY,5877922,5852584,15000000,BIT_PACKED|PLAIN_DICTIONARY|RLE
shuffle-dict-lz4raw,customer,c_comment,BYTE_ARRAY,448409445,1147356070,15000000,BIT_PACKED|PLAIN|RLE
shuffle-dict-lz4raw,customer,ignore,BYTE_ARRAY,54313,52713,15000000,BIT_PACKED|PLAIN|RLE
shuffle-dict-lz4raw,supplier,s_suppkey,INT64,4642171,8052707,1000000,BIT_PACKED|PLAIN|RLE
shuffle-dict-lz4raw,supplier,s_name,BYTE_ARRAY,6834097,22054311,1000000,BIT_PACKED|PLAIN|RLE
shuffle-dict-lz4raw,supplier,s_address,BYTE_ARRAY,29158125,29053183,1000000,BIT_PACKED|PLAIN|RLE
shuffle-dict-lz4raw,supplier,s_nationkey,INT64,896943,1042969,1000000,BIT_PACKED|PLAIN_DICTIONARY|RLE
shuffle-dict-lz4raw,supplier,s_phone,BYTE_ARRAY,14275793,19055882,1000000,BIT_PACKED|PLAIN|RLE
shuffle-dict-lz4raw,supplier,s_acctbal,INT64,5052728,8052684,1000000,BIT_PACKED|PLAIN|RLE
shuffle-dict-lz4raw,supplier,s_comment,BYTE_ARRAY,27720211,66551507,1000000,BIT_PACKED|PLAIN|RLE
shuffle-dict-lz4raw,supplier,ignore,BYTE_ARRAY,51200,49600,1000000,BIT_PACKED|PLAIN|RLE
shuffle-dict-lz4raw,nation,n_nationkey,INT64,948,923,25,BIT_PACKED|PLAIN|RLE
shuffle-dict-lz4raw,nation,n_name,BYTE_ARRAY,1048,1001,25,BIT_PACKED|PLAIN|RLE
shuffle-dict-lz4raw,nation,n_regionkey,INT64,950,925,25,BIT_PACKED|PLAIN|RLE
shuffle-dict-lz4raw,nation,n_comment,BYTE_ARRAY,2746,2717,25,BIT_PACKED|PLAIN|RLE
shuffle-dict-lz4raw,nation,ignore,BYTE_ARRAY,750,725,25,BIT_PACKED|PLAIN|RLE
shuffle-dict-lz4raw,region,r_regionkey,INT64,190,185,5,BIT_PACKED|PLAIN|RLE
shuffle-dict-lz4raw,region,r_name,BYTE_ARRAY,208,199,5,BIT_PACKED|PLAIN|RLE
shuffle-dict-lz4raw,region,r_comment,BYTE_ARRAY,486,499,5,BIT_PACKED|PLAIN|RLE
shuffle-dict-lz4raw,region,ignore,BYTE_ARRAY,150,145,5,BIT_PACKED|PLAIN|RLE
shuffle-dict-snappy,lineitem,l_orderkey,INT64,2895002077,4801426070,600037902,BIT_PACKED|PLAIN|RLE
shuffle-dict-snappy,lineitem,l_partkey,INT64,3268807631,4801426095,600037902,BIT_PACKED|PLAIN|RLE
shuffle-dict-snappy,lineitem,l_suppkey,INT64,2962650501,4801426154,600037902,BIT_PACKED|PLAIN|RLE
shuffle-dict-snappy,lineitem,l_linenumber,INT32,227538701,227383495,600037902,BIT_PACKED|PLAIN_DICTIONARY|RLE
shuffle-dict-snappy,lineitem,l_quantity,INT64,452947297,453059565,600037902,BIT_PACKED|PLAIN_DICTIONARY|RLE
shuffle-dict-snappy,lineitem,l_extendedprice,INT64,3103551389,4801426039,600037902,BIT_PACKED|PLAIN|RLE
shuffle-dict-snappy,lineitem,l_discount,INT64,302641522,302544664,600037902,BIT_PACKED|PLAIN_DICTIONARY|RLE
shuffle-dict-snappy,lineitem,l_tax,INT64,302628494,302519066,600037902,BIT_PACKED|PLAIN_DICTIONARY|RLE
shuffle-dict-snappy,lineitem,l_returnflag,BYTE_ARRAY,152623660,152468395,600037902,BIT_PACKED|PLAIN_DICTIONARY|RLE
shuffle-dict-snappy,lineitem,l_linestatus,BYTE_ARRAY,78329707,78174496,600037902,BIT_PACKED|PLAIN_DICTIONARY|RLE
shuffle-dict-snappy,lineitem,l_shipdate,INT32,918810486,918618804,600037902,BIT_PACKED|PLAIN_DICTIONARY|RLE
shuffle-dict-snappy,lineitem,l_commitdate,INT32,918430269,918238567,600037902,BIT_PACKED|PLAIN_DICTIONARY|RLE
shuffle-dict-snappy,lineitem,l_receiptdate,INT32,918936431,918744815,600037902,BIT_PACKED|PLAIN_DICTIONARY|RLE
shuffle-dict-snappy,lineitem,l_shipinstruct,BYTE_ARRAY,152599162,152442362,600037902,BIT_PACKED|PLAIN_DICTIONARY|RLE
shuffle-dict-snappy,lineitem,l_shipmode,BYTE_ARRAY,227582595,227431920,600037902,BIT_PACKED|PLAIN_DICTIONARY|RLE
shuffle-dict-snappy,lineitem,l_comment,BYTE_ARRAY,7716450564,18302167120,600037902,BIT_PACKED|PLAIN|RLE
shuffle-dict-snappy,lineitem,ignore,BYTE_ARRAY,1063881,1003081,600037902,BIT_PACKED|PLAIN|RLE
shuffle-dict-snappy,orders,o_orderkey,INT64,733596299,1200295473,150000000,BIT_PACKED|PLAIN|RLE
shuffle-dict-snappy,orders,o_custkey,INT64,801687311,1200295537,150000000,BIT_PACKED|PLAIN|RLE
shuffle-dict-snappy,orders,o_orderstatus,BYTE_ARRAY,38226580,38182773,150000000,BIT_PACKED|PLAIN_DICTIONARY|RLE
shuffle-dict-snappy,orders,o_totalprice,INT64,840640237,1200295512,150000000,BIT_PACKED|PLAIN|RLE
shuffle-dict-snappy,orders,o_orderdate,INT32,241106639,241049282,150000000,BIT_PACKED|PLAIN_DICTIONARY|RLE
shuffle-dict-snappy,orders,o_orderpriority,BYTE_ARRAY,57013656,56970508,150000000,BIT_PACKED|PLAIN_DICTIONARY|RLE
shuffle-dict-snappy,orders,o_clerk,BYTE_ARRAY,958277314,2849028351,150000000,BIT_PACKED|PLAIN|PLAIN_DICTIONARY|RLE
shuffle-dict-snappy,orders,o_shippriority,INT32,351789,332589,150000000,BIT_PACKED|PLAIN_DICTIONARY|RLE
shuffle-dict-snappy,orders,o_comment,BYTE_ARRAY,2974096836,7875390110,150000000,BIT_PACKED|PLAIN|RLE
shuffle-dict-snappy,orders,ignore,BYTE_ARRAY,279982,263982,150000000,BIT_PACKED|PLAIN|RLE
shuffle-dict-snappy,partsupp,ps_partkey,INT64,335120366,640177292,80000000,BIT_PACKED|PLAIN|RLE
shuffle-dict-snappy,partsupp,ps_suppkey,INT64,365399369,640177284,80000000,BIT_PACKED|PLAIN|RLE
shuffle-dict-snappy,partsupp,ps_availqty,INT32,203990983,203952119,80000000,BIT_PACKED|PLAIN_DICTIONARY|RLE
shuffle-dict-snappy,partsupp,ps_supplycost,INT64,359650885,640177301,80000000,BIT_PACKED|PLAIN|RLE
shuffle-dict-snappy,partsupp,ps_comment,BYTE_ARRAY,3405703057,10200438903,80000000,BIT_PACKED|PLAIN|RLE
shuffle-dict-snappy,partsupp,ignore,BYTE_ARRAY,167899,158299,80000000,BIT_PACKED|PLAIN|RLE
shuffle-dict-snappy,part,p_partkey,INT64,91555905,160059090,20000000,BIT_PACKED|PLAIN|RLE
shuffle-dict-snappy,part,p_name,BYTE_ARRAY,267638994,735042980,20000000,BIT_PACKED|PLAIN|RLE
shuffle-dict-snappy,part,p_mfgr,BYTE_ARRAY,7703557,7775557,20000000,BIT_PACKED|PLAIN_DICTIONARY|RLE
shuffle-dict-snappy,part,p_brand,BYTE_ARRAY,12835144,13114642,20000000,BIT_PACKED|PLAIN_DICTIONARY|RLE
shuffle-dict-snappy,part,p_type,BYTE_ARRAY,21991396,26045567,20000000,BIT_PACKED|PLAIN_DICTIONARY|RLE
shuffle-dict-snappy,part,p_size,INT32,15472961,15458561,20000000,BIT_PACKED|PLAIN_DICTIONARY|RLE
shuffle-dict-snappy,part,p_container,BYTE_ARRAY,15565496,15879333,20000000,BIT_PACKED|PLAIN_DICTIONARY|RLE
shuffle-dict-snappy,part,p_retailprice,INT64,88064707,160059092,20000000,BIT_PACKED|PLAIN|RLE
shuffle-dict-snappy,part,p_comment,BYTE_ARRAY,170690559,350034542,20000000,BIT_PACKED|PLAIN|RLE
shuffle-dict-snappy,part,ignore,BYTE_ARRAY,55904,52704,20000000,BIT_PACKED|PLAIN|RLE
shuffle-dict-snappy,customer,c_custkey,INT64,68685577,120059115,15000000,BIT_PACKED|PLAIN|RLE
shuffle-dict-snappy,customer,c_name,BYTE_ARRAY,98985349,330059102,15000000,BIT_PACKED|PLAIN|RLE
shuffle-dict-snappy,customer,c_address,BYTE_ARRAY,428934432,435030027,15000000,BIT_PACKED|PLAIN|RLE
shuffle-dict-snappy,customer,c_nationkey,INT64,9685246,9819982,15000000,BIT_PACKED|PLAIN_DICTIONARY|RLE
shuffle-dict-snappy,customer,c_phone,BYTE_ARRAY,178507919,285059102,15000000,BIT_PACKED|PLAIN|RLE
shuffle-dict-snappy,customer,c_acctbal,INT64,74244000,120059102,15000000,BIT_PACKED|PLAIN|RLE
shuffle-dict-snappy,customer,c_mktsegment,BYTE_ARRAY,5861352,5852514,15000000,BIT_PACKED|PLAIN_DICTIONARY|RLE
shuffle-dict-snappy,customer,c_comment,BYTE_ARRAY,407440034,1147356059,15000000,BIT_PACKED|PLAIN|RLE
shuffle-dict-snappy,customer,ignore,BYTE_ARRAY,55735,52535,15000000,BIT_PACKED|PLAIN|RLE
shuffle-dict-snappy,supplier,s_suppkey,INT64,4648468,8052708,1000000,BIT_PACKED|PLAIN|RLE
shuffle-dict-snappy,supplier,s_name,BYTE_ARRAY,6913827,22054301,1000000,BIT_PACKED|PLAIN|RLE
shuffle-dict-snappy,supplier,s_address,BYTE_ARRAY,28838637,29053172,1000000,BIT_PACKED|PLAIN|RLE
shuffle-dict-snappy,supplier,s_nationkey,INT64,908292,1042996,1000000,BIT_PACKED|PLAIN_DICTIONARY|RLE
shuffle-dict-snappy,supplier,s_phone,BYTE_ARRAY,13065130,19054390,1000000,BIT_PACKED|PLAIN|RLE
shuffle-dict-snappy,supplier,s_acctbal,INT64,5065448,8052716,1000000,BIT_PACKED|PLAIN|RLE
shuffle-dict-snappy,supplier,s_comment,BYTE_ARRAY,24679128,66551513,1000000,BIT_PACKED|PLAIN|RLE
shuffle-dict-snappy,supplier,ignore,BYTE_ARRAY,52800,49600,1000000,BIT_PACKED|PLAIN|RLE
shuffle-dict-snappy,nation,n_nationkey,INT64,974,924,25,BIT_PACKED|PLAIN|RLE
shuffle-dict-snappy,nation,n_name,BYTE_ARRAY,1050,1000,25,BIT_PACKED|PLAIN|RLE
shuffle-dict-snappy,nation,n_regionkey,INT64,975,925,25,BIT_PACKED|PLAIN|RLE
shuffle-dict-snappy,nation,n_comment,BYTE_ARRAY,2759,2713,25,BIT_PACKED|PLAIN|RLE
shuffle-dict-snappy,nation,ignore,BYTE_ARRAY,775,725,25,BIT_PACKED|PLAIN|RLE
shuffle-dict-snappy,region,r_regionkey,INT64,195,185,5,BIT_PACKED|PLAIN|RLE
shuffle-dict-snappy,region,r_name,BYTE_ARRAY,209,199,5,BIT_PACKED|PLAIN|RLE
shuffle-dict-snappy,region,r_comment,BYTE_ARRAY,499,499,5,BIT_PACKED|PLAIN|RLE
shuffle-dict-snappy,region,ignore,BYTE_ARRAY,155,145,5,BIT_PACKED|PLAIN|RLE
shuffle-dict-zstd,lineitem,l_orderkey,INT64,1843028121,4801426095,600037902,BIT_PACKED|PLAIN|RLE
shuffle-dict-zstd,lineitem,l_partkey,INT64,2190234364,4801426130,600037902,BIT_PACKED|PLAIN|RLE
shuffle-dict-zstd,lineitem,l_suppkey,INT64,1995171954,4801426138,600037902,BIT_PACKED|PLAIN|RLE
shuffle-dict-zstd,lineitem,l_linenumber,INT32,215663358,227383479,600037902,BIT_PACKED|PLAIN_DICTIONARY|RLE
shuffle-dict-zstd,lineitem,l_quantity,INT64,452995092,453059577,600037902,BIT_PACKED|PLAIN_DICTIONARY|RLE
shuffle-dict-zstd,lineitem,l_extendedprice,INT64,1991120461,4801426148,600037902,BIT_PACKED|PLAIN|RLE
shuffle-dict-zstd,lineitem,l_discount,INT64,264442279,302544599,600037902,BIT_PACKED|PLAIN_DICTIONARY|RLE
shuffle-dict-zstd,lineitem,l_tax,INT64,244272767,302490289,600037902,BIT_PACKED|PLAIN_DICTIONARY|RLE
shuffle-dict-zstd,lineitem,l_returnflag,BYTE_ARRAY,117429929,152468390,600037902,BIT_PACKED|PLAIN_DICTIONARY|RLE
shuffle-dict-zstd,lineitem,l_linestatus,BYTE_ARRAY,78462539,78174539,600037902,BIT_PACKED|PLAIN_DICTIONARY|RLE
shuffle-dict-zstd,lineitem,l_shipdate,INT32,911493133,918617186,600037902,BIT_PACKED|PLAIN_DICTIONARY|RLE
shuffle-dict-zstd,lineitem,l_commitdate,INT32,911251667,918236984,600037902,BIT_PACKED|PLAIN_DICTIONARY|RLE
shuffle-dict-zstd,lineitem,l_receiptdate,INT32,911564761,918743245,600037902,BIT_PACKED|PLAIN_DICTIONARY|RLE
shuffle-dict-zstd,lineitem,l_shipinstruct,BYTE_ARRAY,152719080,152442280,600037902,BIT_PACKED|PLAIN_DICTIONARY|RLE
shuffle-dict-zstd,lineitem,l_shipmode,BYTE_ARRAY,226129692,227433493,600037902,BIT_PACKED|PLAIN_DICTIONARY|RLE
shuffle-dict-zstd,lineitem,l_comment,BYTE_ARRAY,5190141760,18302167061,600037902,BIT_PACKED|PLAIN|RLE
shuffle-dict-zstd,lineitem,ignore,BYTE_ARRAY,1276720,1003120,600037902,BIT_PACKED|PLAIN|RLE
shuffle-dict-zstd,orders,o_orderkey,INT64,456957030,1200295479,150000000,BIT_PACKED|PLAIN|RLE
shuffle-dict-zstd,orders,o_custkey,INT64,501826868,1200295508,150000000,BIT_PACKED|PLAIN|RLE
shuffle-dict-zstd,orders,o_orderstatus,BYTE_ARRAY,23032976,38182087,150000000,BIT_PACKED|PLAIN_DICTIONARY|RLE
shuffle-dict-zstd,orders,o_totalprice,INT64,578871266,1200295511,150000000,BIT_PACKED|PLAIN|RLE
shuffle-dict-zstd,orders,o_orderdate,INT32,234017315,241047713,150000000,BIT_PACKED|PLAIN_DICTIONARY|RLE
shuffle-dict-zstd,orders,o_orderpriority,BYTE_ARRAY,51402815,56971409,150000000,BIT_PACKED|PLAIN_DICTIONARY|RLE
shuffle-dict-zstd,orders,o_clerk,BYTE_ARRAY,472826686,2849028370,150000000,BIT_PACKED|PLAIN|PLAIN_DICTIONARY|RLE
shuffle-dict-zstd,orders,o_shippriority,INT32,419200,332800,150000000,BIT_PACKED|PLAIN_DICTIONARY|RLE
shuffle-dict-zstd,orders,o_comment,BYTE_ARRAY,2026802900,7875390073,150000000,BIT_PACKED|PLAIN|RLE
shuffle-dict-zstd,orders,ignore,BYTE_ARRAY,335817,263817,150000000,BIT_PACKED|PLAIN|RLE
shuffle-dict-zstd,partsupp,ps_partkey,INT64,175917187,640177308,80000000,BIT_PACKED|PLAIN|RLE
shuffle-dict-zstd,partsupp,ps_suppkey,INT64,248523261,640177276,80000000,BIT_PACKED|PLAIN|RLE
shuffle-dict-zstd,partsupp,ps_availqty,INT32,177140592,203952108,80000000,BIT_PACKED|PLAIN_DICTIONARY|RLE
shuffle-dict-zstd,partsupp,ps_supplycost,INT64,223437752,640177295,80000000,BIT_PACKED|PLAIN|RLE
shuffle-dict-zstd,partsupp,ps_comment,BYTE_ARRAY,2341973056,10200438881,80000000,BIT_PACKED|PLAIN|RLE
shuffle-dict-zstd,partsupp,ignore,BYTE_ARRAY,201488,158288,80000000,BIT_PACKED|PLAIN|RLE
shuffle-dict-zstd,part,p_partkey,INT64,48859444,160059088,20000000,BIT_PACKED|PLAIN|RLE
shuffle-dict-zstd,part,p_name,BYTE_ARRAY,194684090,735042983,20000000,BIT_PACKED|PLAIN|RLE
shuffle-dict-zstd,part,p_mfgr,BYTE_ARRAY,6996716,7775585,20000000,BIT_PACKED|PLAIN_DICTIONARY|RLE
shuffle-dict-zstd,part,p_brand,BYTE_ARRAY,12826766,13114635,20000000,BIT_PACKED|PLAIN_DICTIONARY|RLE
shuffle-dict-zstd,part,p_type,BYTE_ARRAY,19661377,26045608,20000000,BIT_PACKED|PLAIN_DICTIONARY|RLE
shuffle-dict-zstd,part,p_size,INT32,15292145,15458545,20000000,BIT_PACKED|PLAIN_DICTIONARY|RLE
shuffle-dict-zstd,part,p_container,BYTE_ARRAY,14971327,15879345,20000000,BIT_PACKED|PLAIN_DICTIONARY|RLE
shuffle-dict-zstd,part,p_retailprice,INT64,56525021,160059114,20000000,BIT_PACKED|PLAIN|RLE
shuffle-dict-zstd,part,p_comment,BYTE_ARRAY,112894133,350034544,20000000,BIT_PACKED|PLAIN|RLE
shuffle-dict-zstd,part,ignore,BYTE_ARRAY,67188,52788,20000000,BIT_PACKED|PLAIN|RLE
shuffle-dict-zstd,customer,c_custkey,INT64,35563209,120059103,15000000,BIT_PACKED|PLAIN|RLE
shuffle-dict-zstd,customer,c_name,BYTE_ARRAY,58830474,330059100,15000000,BIT_PACKED|PLAIN|RLE
shuffle-dict-zstd,customer,c_address,BYTE_ARRAY,324059276,435030040,15000000,BIT_PACKED|PLAIN|RLE
shuffle-dict-zstd,customer,c_nationkey,INT64,9647768,9819995,15000000,BIT_PACKED|PLAIN_DICTIONARY|RLE
shuffle-dict-zstd,customer,c_phone,BYTE_ARRAY,113693381,285059089,15000000,BIT_PACKED|PLAIN|RLE
shuffle-dict-zstd,customer,c_acctbal,INT64,51765536,120059096,15000000,BIT_PACKED|PLAIN|RLE
shuffle-dict-zstd,customer,c_mktsegment,BYTE_ARRAY,5363972,5852541,15000000,BIT_PACKED|PLAIN_DICTIONARY|RLE
shuffle-dict-zstd,customer,c_comment,BYTE_ARRAY,279624746,1147356076,15000000,BIT_PACKED|PLAIN|RLE
shuffle-dict-zstd,customer,ignore,BYTE_ARRAY,67200,52800,15000000,BIT_PACKED|PLAIN|RLE
shuffle-dict-zstd,supplier,s_suppkey,INT64,2310656,8052699,1000000,BIT_PACKED|PLAIN|RLE
shuffle-dict-zstd,supplier,s_name,BYTE_ARRAY,3486588,22054287,1000000,BIT_PACKED|PLAIN|RLE
shuffle-dict-zstd,supplier,s_address,BYTE_ARRAY,22194452,29053172,1000000,BIT_PACKED|PLAIN|RLE
shuffle-dict-zstd,supplier,s_nationkey,INT64,870788,1043006,1000000,BIT_PACKED|PLAIN_DICTIONARY|RLE
shuffle-dict-zstd,supplier,s_phone,BYTE_ARRAY,7657941,19054295,1000000,BIT_PACKED|PLAIN|RLE
shuffle-dict-zstd,supplier,s_acctbal,INT64,3478527,8052709,1000000,BIT_PACKED|PLAIN|RLE
shuffle-dict-zstd,supplier,s_comment,BYTE_ARRAY,18011924,66551531,1000000,BIT_PACKED|PLAIN|RLE
shuffle-dict-zstd,supplier,ignore,BYTE_ARRAY,64000,49600,1000000,BIT_PACKED|PLAIN|RLE
shuffle-dict-zstd,nation,n_nationkey,INT64,1149,924,25,BIT_PACKED|PLAIN|RLE
shuffle-dict-zstd,nation,n_name,BYTE_ARRAY,1226,1001,25,BIT_PACKED|PLAIN|RLE
shuffle-dict-zstd,nation,n_regionkey,INT64,1150,925,25,BIT_PACKED|PLAIN|RLE
shuffle-dict-zstd,nation,n_comment,BYTE_ARRAY,2667,2721,25,BIT_PACKED|PLAIN|RLE
shuffle-dict-zstd,nation,ignore,BYTE_ARRAY,950,725,25,BIT_PACKED|PLAIN|RLE
shuffle-dict-zstd,region,r_regionkey,INT64,230,185,5,BIT_PACKED|PLAIN|RLE
shuffle-dict-zstd,region,r_name,BYTE_ARRAY,243,198,5,BIT_PACKED|PLAIN|RLE
shuffle-dict-zstd,region,r_comment,BYTE_ARRAY,488,500,5,BIT_PACKED|PLAIN|RLE
shuffle-dict-zstd,region,ignore,BYTE_ARRAY,190,145,5,BIT_PACKED|PLAIN|RLE
shuffle-plain-lz4raw,lineitem,l_orderkey,INT64,2787191583,4801426064,600037902,BIT_PACKED|PLAIN|RLE
shuffle-plain-lz4raw,lineitem,l_partkey,INT64,3107068087,4801426054,600037902,BIT_PACKED|PLAIN|RLE
shuffle-plain-lz4raw,lineitem,l_suppkey,INT64,2840367667,4801426090,600037902,BIT_PACKED|PLAIN|RLE
shuffle-plain-lz4raw,lineitem,l_linenumber,INT32,816471951,2401274557,600037902,BIT_PACKED|PLAIN|RLE
shuffle-plain-lz4raw,lineitem,l_quantity,INT64,1767956644,4801426105,600037902,BIT_PACKED|PLAIN|RLE
shuffle-plain-lz4raw,lineitem,l_extendedprice,INT64,3033848769,4801426124,600037902,BIT_PACKED|PLAIN|RLE
shuffle-plain-lz4raw,lineitem,l_discount,INT64,1642715459,4801426159,600037902,BIT_PACKED|PLAIN|RLE
shuffle-plain-lz4raw,lineitem,l_tax,INT64,1608357486,4801426064,600037902,BIT_PACKED|PLAIN|RLE
shuffle-plain-lz4raw,lineitem,l_returnflag,BYTE_ARRAY,1132267467,3001312415,600037902,BIT_PACKED|PLAIN|RLE
shuffle-plain-lz4raw,lineitem,l_linestatus,BYTE_ARRAY,939032838,3001312419,600037902,BIT_PACKED|PLAIN|RLE
shuffle-plain-lz4raw,lineitem,l_shipdate,INT32,1792028481,2401274387,600037902,BIT_PACKED|PLAIN|RLE
shuffle-plain-lz4raw,lineitem,l_commitdate,INT32,1788170080,2401274421,600037902,BIT_PACKED|PLAIN|RLE
shuffle-plain-lz4raw,lineitem,l_receiptdate,INT32,1792207261,2401274506,600037902,BIT_PACKED|PLAIN|RLE
shuffle-plain-lz4raw,lineitem,l_shipinstruct,BYTE_ARRAY,1628969212,9601611411,600037902,BIT_PACKED|PLAIN|RLE
shuffle-plain-lz4raw,lineitem,l_shipmode,BYTE_ARRAY,1406922292,4972836771,600037902,BIT_PACKED|PLAIN|RLE
shuffle-plain-lz4raw,lineitem,l_comment,BYTE_ARRAY,8214468285,18302167054,600037902,BIT_PACKED|PLAIN|RLE
shuffle-plain-lz4raw,lineitem,ignore,BYTE_ARRAY,1033433,1003033,600037902,BIT_PACKED|PLAIN|RLE
shuffle-plain-lz4raw,orders,o_orderkey,INT64,731144826,1200295464,150000000,BIT_PACKED|PLAIN|RLE
shuffle-plain-lz4raw,orders,o_custkey,INT64,769466945,1200295525,150000000,BIT_PACKED|PLAIN|RLE
shuffle-plain-lz4raw,orders,o_orderstatus,BYTE_ARRAY,244123581,750295476,150000000,BIT_PACKED|PLAIN|RLE
shuffle-plain-lz4raw,orders,o_totalprice,INT64,792860374,1200295515,150000000,BIT_PACKED|PLAIN|RLE
shuffle-plain-lz4raw,orders,o_orderdate,INT32,446713798,600295504,150000000,BIT_PACKED|PLAIN|RLE
shuffle-plain-lz4raw,orders,o_orderpriority,BYTE_ARRAY,402489444,1860320282,150000000,BIT_PACKED|PLAIN|RLE
shuffle-plain-lz4raw,orders,o_clerk,BYTE_ARRAY,788525354,2850295535,150000000,BIT_PACKED|PLAIN|RLE
shuffle-plain-lz4raw,orders,o_shippriority,INT32,2723108,600287908,150000000,BIT_PACKED|PLAIN|RLE
shuffle-plain-lz4raw,orders,o_comment,BYTE_ARRAY,3220589828,7875390082,150000000,BIT_PACKED|PLAIN|RLE
shuffle-plain-lz4raw,orders,ignore,BYTE_ARRAY,271943,263943,150000000,BIT_PACKED|PLAIN|RLE
shuffle-plain-lz4raw,partsupp,ps_partkey,INT64,336397346,640177320,80000000,BIT_PACKED|PLAIN|RLE
shuffle-plain-lz4raw,partsupp,ps_suppkey,INT64,362851819,640177288,80000000,BIT_PACKED|PLAIN|RLE
shuffle-plain-lz4raw,partsupp,ps_availqty,INT32,295952074,320177306,80000000,BIT_PACKED|PLAIN|RLE
shuffle-plain-lz4raw,partsupp,ps_supplycost,INT64,332806363,640177286,80000000,BIT_PACKED|PLAIN|RLE
shuffle-plain-lz4raw,partsupp,ps_comment,BYTE_ARRAY,3814286259,10200438915,80000000,BIT_PACKED|PLAIN|RLE
shuffle-plain-lz4raw,partsupp,ignore,BYTE_ARRAY,163149,158349,80000000,BIT_PACKED|PLAIN|RLE
shuffle-plain-lz4raw,part,p_partkey,INT64,91656365,160059084,20000000,BIT_PACKED|PLAIN|RLE
shuffle-plain-lz4raw,part,p_name,BYTE_ARRAY,328221598,735042978,20000000,BIT_PACKED|PLAIN|RLE
shuffle-plain-lz4raw,part,p_mfgr,BYTE_ARRAY,51293485,360059099,20000000,BIT_PACKED|PLAIN|RLE
shuffle-plain-lz4raw,part,p_brand,BYTE_ARRAY,58497333,240059105,20000000,BIT_PACKED|PLAIN|RLE
shuffle-plain-lz4raw,part,p_type,BYTE_ARRAY,140833610,492058268,20000000,BIT_PACKED|PLAIN|RLE
shuffle-plain-lz4raw,part,p_size,INT32,34511963,80059100,20000000,BIT_PACKED|PLAIN|RLE
shuffle-plain-lz4raw,part,p_container,BYTE_ARRAY,76700588,231552105,20000000,BIT_PACKED|PLAIN|RLE
shuffle-plain-lz4raw,part,p_retailprice,INT64,81886708,160059101,20000000,BIT_PACKED|PLAIN|RLE
shuffle-plain-lz4raw,part,p_comment,BYTE_ARRAY,180517246,350034557,20000000,BIT_PACKED|PLAIN|RLE
shuffle-plain-lz4raw,part,ignore,BYTE_ARRAY,54123,52523,20000000,BIT_PACKED|PLAIN|RLE
shuffle-plain-lz4raw,customer,c_custkey,INT64,68732524,120059104,15000000,BIT_PACKED|PLAIN|RLE
shuffle-plain-lz4raw,customer,c_name,BYTE_ARRAY,101470847,330059124,15000000,BIT_PACKED|PLAIN|RLE
shuffle-plain-lz4raw,customer,c_address,BYTE_ARRAY,435749204,435030036,15000000,BIT_PACKED|PLAIN|RLE
shuffle-plain-lz4raw,customer,c_nationkey,INT64,43336244,120059107,15000000,BIT_PACKED|PLAIN|RLE
shuffle-plain-lz4raw,customer,c_phone,BYTE_ARRAY,196891193,285059093,15000000,BIT_PACKED|PLAIN|RLE
shuffle-plain-lz4raw,customer,c_acctbal,INT64,71657967,120059101,15000000,BIT_PACKED|PLAIN|RLE
shuffle-plain-lz4raw,customer,c_mktsegment,BYTE_ARRAY,38554889,195061778,15000000,BIT_PACKED|PLAIN|RLE
shuffle-plain-lz4raw,customer,c_comment,BYTE_ARRAY,448409445,1147356070,15000000,BIT_PACKED|PLAIN|RLE
shuffle-plain-lz4raw,customer,ignore,BYTE_ARRAY,54313,52713,15000000,BIT_PACKED|PLAIN|RLE
shuffle-plain-lz4raw,supplier,s_suppkey,INT64,4642171,8052707,1000000,BIT_PACKED|PLAIN|RLE
shuffle-plain-lz4raw,supplier,s_name,BYTE_ARRAY,6834097,22054311,1000000,BIT_PACKED|PLAIN|RLE
shuffle-plain-lz4raw,supplier,s_address,BYTE_ARRAY,29158125,29053183,1000000,BIT_PACKED|PLAIN|RLE
shuffle-plain-lz4raw,supplier,s_nationkey,INT64,2989191,8052682,1000000,BIT_PACKED|PLAIN|RLE
shuffle-plain-lz4raw,supplier,s_phone,BYTE_ARRAY,14275793,19055882,1000000,BIT_PACKED|PLAIN|RLE
shuffle-plain-lz4raw,supplier,s_acctbal,INT64,5052728,8052684,1000000,BIT_PACKED|PLAIN|RLE
shuffle-plain-lz4raw,supplier,s_comment,BYTE_ARRAY,27720211,66551507,1000000,BIT_PACKED|PLAIN|RLE
shuffle-plain-lz4raw,supplier,ignore,BYTE_ARRAY,51200,49600,1000000,BIT_PACKED|PLAIN|RLE
shuffle-plain-lz4raw,nation,n_nationkey,INT64,948,923,25,BIT_PACKED|PLAIN|RLE
shuffle-plain-lz4raw,nation,n_name,BYTE_ARRAY,1048,1001,25,BIT_PACKED|PLAIN|RLE
shuffle-plain-lz4raw,nation,n_regionkey,INT64,950,925,25,BIT_PACKED|PLAIN|RLE
shuffle-plain-lz4raw,nation,n_comment,BYTE_ARRAY,2746,2717,25,BIT_PACKED|PLAIN|RLE
shuffle-plain-lz4raw,nation,ignore,BYTE_ARRAY,750,725,25,BIT_PACKED|PLAIN|RLE
shuffle-plain-lz4raw,region,r_regionkey,INT64,190,185,5,BIT_PACKED|PLAIN|RLE
shuffle-plain-lz4raw,region,r_name,BYTE_ARRAY,208,199,5,BIT_PACKED|PLAIN|RLE
shuffle-plain-lz4raw,region,r_comment,BYTE_ARRAY,486,499,5,BIT_PACKED|PLAIN|RLE
shuffle-plain-lz4raw,region,ignore,BYTE_ARRAY,150,145,5,BIT_PACKED|PLAIN|RLE
shuffle-plain-snappy,lineitem,l_orderkey,INT64,2895002077,4801426070,600037902,BIT_PACKED|PLAIN|RLE
shuffle-plain-snappy,lineitem,l_partkey,INT64,3268807631,4801426095,600037902,BIT_PACKED|PLAIN|RLE
shuffle-plain-snappy,lineitem,l_suppkey,INT64,2962650501,4801426154,600037902,BIT_PACKED|PLAIN|RLE
shuffle-plain-snappy,lineitem,l_linenumber,INT32,1003078966,2401274492,600037902,BIT_PACKED|PLAIN|RLE
shuffle-plain-snappy,lineitem,l_quantity,INT64,1204042987,4801426130,600037902,BIT_PACKED|PLAIN|RLE
shuffle-plain-snappy,lineitem,l_extendedprice,INT64,3103551389,4801426039,600037902,BIT_PACKED|PLAIN|RLE
shuffle-plain-snappy,lineitem,l_discount,INT64,1144504879,4801426089,600037902,BIT_PACKED|PLAIN|RLE
shuffle-plain-snappy,lineitem,l_tax,INT64,1129521264,4801426145,600037902,BIT_PACKED|PLAIN|RLE
shuffle-plain-snappy,lineitem,l_returnflag,BYTE_ARRAY,795780674,3001312434,600037902,BIT_PACKED|PLAIN|RLE
shuffle-plain-snappy,lineitem,l_linestatus,BYTE_ARRAY,677293407,3001312375,600037902,BIT_PACKED|PLAIN|RLE
shuffle-plain-snappy,lineitem,l_shipdate,INT32,1925661472,2401274441,600037902,BIT_PACKED|PLAIN|RLE
shuffle-plain-snappy,lineitem,l_commitdate,INT32,1923105337,2401274514,600037902,BIT_PACKED|PLAIN|RLE
shuffle-plain-snappy,lineitem,l_receiptdate,INT32,1925322280,2401274495,600037902,BIT_PACKED|PLAIN|RLE
shuffle-plain-snappy,lineitem,l_shipinstruct,BYTE_ARRAY,1287131956,9601611331,600037902,BIT_PACKED|PLAIN|RLE
shuffle-plain-snappy,lineitem,l_shipmode,BYTE_ARRAY,1345463858,4972836712,600037902,BIT_PACKED|PLAIN|RLE
shuffle-plain-snappy,lineitem,l_comment,BYTE_ARRAY,7716450564,18302167120,600037902,BIT_PACKED|PLAIN|RLE
shuffle-plain-snappy,lineitem,ignore,BYTE_ARRAY,1063881,1003081,600037902,BIT_PACKED|PLAIN|RLE
shuffle-plain-snappy,orders,o_orderkey,INT64,733596299,1200295473,150000000,BIT_PACKED|PLAIN|RLE
shuffle-plain-snappy,orders,o_custkey,INT64,801687311,1200295537,150000000,BIT_PACKED|PLAIN|RLE
shuffle-plain-snappy,orders,o_orderstatus,BYTE_ARRAY,175222278,750295511,150000000,BIT_PACKED|PLAIN|RLE
shuffle-plain-snappy,orders,o_totalprice,INT64,840640237,1200295512,150000000,BIT_PACKED|PLAIN|RLE
shuffle-plain-snappy,orders,o_orderdate,INT32,479738108,600295520,150000000,BIT_PACKED|PLAIN|RLE
shuffle-plain-snappy,orders,o_orderpriority,BYTE_ARRAY,342354932,1860320315,150000000,BIT_PACKED|PLAIN|RLE
shuffle-plain-snappy,orders,o_clerk,BYTE_ARRAY,958275931,2850295485,150000000,BIT_PACKED|PLAIN|RLE
shuffle-plain-snappy,orders,o_shippriority,INT32,28480277,600287809,150000000,BIT_PACKED|PLAIN|RLE
shuffle-plain-snappy,orders,o_comment,BYTE_ARRAY,2974096836,7875390110,150000000,BIT_PACKED|PLAIN|RLE
shuffle-plain-snappy,orders,ignore,BYTE_ARRAY,279982,263982,150000000,BIT_PACKED|PLAIN|RLE
shuffle-plain-snappy,partsupp,ps_partkey,INT64,335120366,640177292,80000000,BIT_PACKED|PLAIN|RLE
shuffle-plain-snappy,partsupp,ps_suppkey,INT64,365399369,640177284,80000000,BIT_PACKED|PLAIN|RLE
shuffle-plain-snappy,partsupp,ps_availqty,INT32,314545572,320177303,80000000,BIT_PACKED|PLAIN|RLE
shuffle-plain-snappy,partsupp,ps_supplycost,INT64,359650885,640177301,80000000,BIT_PACKED|PLAIN|RLE
shuffle-plain-snappy,partsupp,ps_comment,BYTE_ARRAY,3405703057,10200438903,80000000,BIT_PACKED|PLAIN|RLE
shuffle-plain-snappy,partsupp,ignore,BYTE_ARRAY,167899,158299,80000000,BIT_PACKED|PLAIN|RLE
shuffle-plain-snappy,part,p_partkey,INT64,91555905,160059090,20000000,BIT_PACKED|PLAIN|RLE
shuffle-plain-snappy,part,p_name,BYTE_ARRAY,267638994,735042980,20000000,BIT_PACKED|PLAIN|RLE
shuffle-plain-snappy,part,p_mfgr,BYTE_ARRAY,48529844,360059097,20000000,BIT_PACKED|PLAIN|RLE
shuffle-plain-snappy,part,p_brand,BYTE_ARRAY,55348072,240059099,20000000,BIT_PACKED|PLAIN|RLE
shuffle-plain-snappy,part,p_type,BYTE_ARRAY,130681357,492058258,20000000,BIT_PACKED|PLAIN|RLE
shuffle-plain-snappy,part,p_size,INT32,39394510,80059097,20000000,BIT_PACKED|PLAIN|RLE
shuffle-plain-snappy,part,p_container,BYTE_ARRAY,68867289,231552086,20000000,BIT_PACKED|PLAIN|RLE
shuffle-plain-snappy,part,p_retailprice,INT64,88064707,160059092,20000000,BIT_PACKED|PLAIN|RLE
shuffle-plain-snappy,part,p_comment,BYTE_ARRAY,170690559,350034542,20000000,BIT_PACKED|PLAIN|RLE
shuffle-plain-snappy,part,ignore,BYTE_ARRAY,55904,52704,20000000,BIT_PACKED|PLAIN|RLE
shuffle-plain-snappy,customer,c_custkey,INT64,68685577,120059115,15000000,BIT_PACKED|PLAIN|RLE
shuffle-plain-snappy,customer,c_name,BYTE_ARRAY,98985349,330059102,15000000,BIT_PACKED|PLAIN|RLE
shuffle-plain-snappy,customer,c_address,BYTE_ARRAY,428934432,435030027,15000000,BIT_PACKED|PLAIN|RLE
shuffle-plain-snappy,customer,c_nationkey,INT64,29644319,120059086,15000000,BIT_PACKED|PLAIN|RLE
shuffle-plain-snappy,customer,c_phone,BYTE_ARRAY,178507919,285059102,15000000,BIT_PACKED|PLAIN|RLE
shuffle-plain-snappy,customer,c_acctbal,INT64,74244000,120059102,15000000,BIT_PACKED|PLAIN|RLE
shuffle-plain-snappy,customer,c_mktsegment,BYTE_ARRAY,37734429,195061780,15000000,BIT_PACKED|PLAIN|RLE
shuffle-plain-snappy,customer,c_comment,BYTE_ARRAY,407440034,1147356059,15000000,BIT_PACKED|PLAIN|RLE
shuffle-plain-snappy,customer,ignore,BYTE_ARRAY,55735,52535,15000000,BIT_PACKED|PLAIN|RLE
shuffle-plain-snappy,supplier,s_suppkey,INT64,4648468,8052708,1000000,BIT_PACKED|PLAIN|RLE
shuffle-plain-snappy,supplier,s_name,BYTE_ARRAY,6913827,22054301,1000000,BIT_PACKED|PLAIN|RLE
shuffle-plain-snappy,supplier,s_address,BYTE_ARRAY,28838637,29053172,1000000,BIT_PACKED|PLAIN|RLE
shuffle-plain-snappy,supplier,s_nationkey,INT64,2127792,8052692,1000000,BIT_PACKED|PLAIN|RLE
shuffle-plain-snappy,supplier,s_phone,BYTE_ARRAY,13065130,19054390,1000000,BIT_PACKED|PLAIN|RLE
shuffle-plain-snappy,supplier,s_acctbal,INT64,5065448,8052716,1000000,BIT_PACKED|PLAIN|RLE
shuffle-plain-snappy,supplier,s_comment,BYTE_ARRAY,24679128,66551513,1000000,BIT_PACKED|PLAIN|RLE
shuffle-plain-snappy,supplier,ignore,BYTE_ARRAY,52800,49600,1000000,BIT_PACKED|PLAIN|RLE
shuffle-plain-snappy,nation,n_nationkey,INT64,974,924,25,BIT_PACKED|PLAIN|RLE
shuffle-plain-snappy,nation,n_name,BYTE_ARRAY,1050,1000,25,BIT_PACKED|PLAIN|RLE
shuffle-plain-snappy,nation,n_regionkey,INT64,975,925,25,BIT_PACKED|PLAIN|RLE
shuffle-plain-snappy,nation,n_comment,BYTE_ARRAY,2759,2713,25,BIT_PACKED|PLAIN|RLE
shuffle-plain-snappy,nation,ignore,BYTE_ARRAY,775,725,25,BIT_PACKED|PLAIN|RLE
shuffle-plain-snappy,region,r_regionkey,INT64,195,185,5,BIT_PACKED|PLAIN|RLE
shuffle-plain-snappy,region,r_name,BYTE_ARRAY,209,199,5,BIT_PACKED|PLAIN|RLE
shuffle-plain-snappy,region,r_comment,BYTE_ARRAY,499,499,5,BIT_PACKED|PLAIN|RLE
shuffle-plain-snappy,region,ignore,BYTE_ARRAY,155,145,5,BIT_PACKED|PLAIN|RLE
shuffle-plain-zstd,lineitem,l_orderkey,INT64,1843028121,4801426095,600037902,BIT_PACKED|PLAIN|RLE
shuffle-plain-zstd,lineitem,l_partkey,INT64,2190234364,4801426130,600037902,BIT_PACKED|PLAIN|RLE
shuffle-plain-zstd,lineitem,l_suppkey,INT64,1995171954,4801426138,600037902,BIT_PACKED|PLAIN|RLE
shuffle-plain-zstd,lineitem,l_linenumber,INT32,395372453,2401274580,600037902,BIT_PACKED|PLAIN|RLE
shuffle-plain-zstd,lineitem,l_quantity,INT64,804316245,4801426083,600037902,BIT_PACKED|PLAIN|RLE
shuffle-plain-zstd,lineitem,l_extendedprice,INT64,1991120461,4801426148,600037902,BIT_PACKED|PLAIN|RLE
shuffle-plain-zstd,lineitem,l_discount,INT64,389821460,4801426018,600037902,BIT_PACKED|PLAIN|RLE
shuffle-plain-zstd,lineitem,l_tax,INT64,375771174,4801426030,600037902,BIT_PACKED|PLAIN|RLE
shuffle-plain-zstd,lineitem,l_returnflag,BYTE_ARRAY,163934703,3001282097,600037902,BIT_PACKED|PLAIN|RLE
shuffle-plain-zstd,lineitem,l_linestatus,BYTE_ARRAY,135335672,3001282007,600037902,BIT_PACKED|PLAIN|RLE
shuffle-plain-zstd,lineitem,l_shipdate,INT32,1168069258,2401274492,600037902,BIT_PACKED|PLAIN|RLE
shuffle-plain-zstd,lineitem,l_commitdate,INT32,1166802644,2401274467,600037902,BIT_PACKED|PLAIN|RLE
shuffle-plain-zstd,lineitem,l_receiptdate,INT32,1168176786,2401274546,600037902,BIT_PACKED|PLAIN|RLE
shuffle-plain-zstd,lineitem,l_shipinstruct,BYTE_ARRAY,643155650,9601611344,600037902,BIT_PACKED|PLAIN|RLE
shuffle-plain-zstd,lineitem,l_shipmode,BYTE_ARRAY,732641753,4972836675,600037902,BIT_PACKED|PLAIN|RLE
shuffle-plain-zstd,lineitem,l_comment,BYTE_ARRAY,5190141760,18302167061,600037902,BIT_PACKED|PLAIN|RLE
shuffle-plain-zstd,lineitem,ignore,BYTE_ARRAY,1276720,1003120,600037902,BIT_PACKED|PLAIN|RLE
shuffle-plain-zstd,orders,o_orderkey,INT64,456957030,1200295479,150000000,BIT_PACKED|PLAIN|RLE
shuffle-plain-zstd,orders,o_custkey,INT64,501826868,1200295508,150000000,BIT_PACKED|PLAIN|RLE
shuffle-plain-zstd,orders,o_orderstatus,BYTE_ARRAY,35244591,750287501,150000000,BIT_PACKED|PLAIN|RLE
shuffle-plain-zstd,orders,o_totalprice,INT64,578871266,1200295511,150000000,BIT_PACKED|PLAIN|RLE
shuffle-plain-zstd,orders,o_orderdate,INT32,291499389,600295492,150000000,BIT_PACKED|PLAIN|RLE
shuffle-plain-zstd,orders,o_orderpriority,BYTE_ARRAY,180355410,1860320328,150000000,BIT_PACKED|PLAIN|RLE
shuffle-plain-zstd,orders,o_clerk,BYTE_ARRAY,472529734,2850295504,150000000,BIT_PACKED|PLAIN|RLE
shuffle-plain-zstd,orders,o_shippriority,INT32,423836,600279836,150000000,BIT_PACKED|PLAIN|RLE
shuffle-plain-zstd,orders,o_comment,BYTE_ARRAY,2026802900,7875390073,150000000,BIT_PACKED|PLAIN|RLE
shuffle-plain-zstd,orders,ignore,BYTE_ARRAY,335817,263817,150000000,BIT_PACKED|PLAIN|RLE
shuffle-plain-zstd,partsupp,ps_partkey,INT64,175917187,640177308,80000000,BIT_PACKED|PLAIN|RLE
shuffle-plain-zstd,partsupp,ps_suppkey,INT64,248523261,640177276,80000000,BIT_PACKED|PLAIN|RLE
shuffle-plain-zstd,partsupp,ps_availqty,INT32,177336502,320177309,80000000,BIT_PACKED|PLAIN|RLE
shuffle-plain-zstd,partsupp,ps_supplycost,INT64,223437752,640177295,80000000,BIT_PACKED|PLAIN|RLE
shuffle-plain-zstd,partsupp,ps_comment,BYTE_ARRAY,2341973056,10200438881,80000000,BIT_PACKED|PLAIN|RLE
shuffle-plain-zstd,partsupp,ignore,BYTE_ARRAY,201488,158288,80000000,BIT_PACKED|PLAIN|RLE
shuffle-plain-zstd,part,p_partkey,INT64,48859444,160059088,20000000,BIT_PACKED|PLAIN|RLE
shuffle-plain-zstd,part,p_name,BYTE_ARRAY,194684090,735042983,20000000,BIT_PACKED|PLAIN|RLE
shuffle-plain-zstd,part,p_mfgr,BYTE_ARRAY,7842148,360057489,20000000,BIT_PACKED|PLAIN|RLE
shuffle-plain-zstd,part,p_brand,BYTE_ARRAY,26352694,240059115,20000000,BIT_PACKED|PLAIN|RLE
shuffle-plain-zstd,part,p_type,BYTE_ARRAY,75669327,492058232,20000000,BIT_PACKED|PLAIN|RLE
shuffle-plain-zstd,part,p_size,INT32,21740682,80059102,20000000,BIT_PACKED|PLAIN|RLE
shuffle-plain-zstd,part,p_container,BYTE_ARRAY,40477309,231552083,20000000,BIT_PACKED|PLAIN|RLE
shuffle-plain-zstd,part,p_retailprice,INT64,56525021,160059114,20000000,BIT_PACKED|PLAIN|RLE
shuffle-plain-zstd,part,p_comment,BYTE_ARRAY,112894133,350034544,20000000,BIT_PACKED|PLAIN|RLE
shuffle-plain-zstd,part,ignore,BYTE_ARRAY,67188,52788,20000000,BIT_PACKED|PLAIN|RLE
shuffle-plain-zstd,customer,c_custkey,INT64,35563209,120059103,15000000,BIT_PACKED|PLAIN|RLE
shuffle-plain-zstd,customer,c_name,BYTE_ARRAY,58830474,330059100,15000000,BIT_PACKED|PLAIN|RLE
shuffle-plain-zstd,customer,c_address,BYTE_ARRAY,324059276,435030040,15000000,BIT_PACKED|PLAIN|RLE
shuffle-plain-zstd,customer,c_nationkey,INT64,10888434,120057486,15000000,BIT_PACKED|PLAIN|RLE
shuffle-plain-zstd,customer,c_phone,BYTE_ARRAY,113693381,285059089,15000000,BIT_PACKED|PLAIN|RLE
shuffle-plain-zstd,customer,c_acctbal,INT64,51765536,120059096,15000000,BIT_PACKED|PLAIN|RLE
shuffle-plain-zstd,customer,c_mktsegment,BYTE_ARRAY,18531978,195061786,15000000,BIT_PACKED|PLAIN|RLE
shuffle-plain-zstd,customer,c_comment,BYTE_ARRAY,279624746,1147356076,15000000,BIT_PACKED|PLAIN|RLE
shuffle-plain-zstd,customer,ignore,BYTE_ARRAY,67200,52800,15000000,BIT_PACKED|PLAIN|RLE
shuffle-plain-zstd,supplier,s_suppkey,INT64,2310656,8052699,1000000,BIT_PACKED|PLAIN|RLE
shuffle-plain-zstd,supplier,s_name,BYTE_ARRAY,3486588,22054287,1000000,BIT_PACKED|PLAIN|RLE
shuffle-plain-zstd,supplier,s_address,BYTE_ARRAY,22194452,29053172,1000000,BIT_PACKED|PLAIN|RLE
shuffle-plain-zstd,supplier,s_nationkey,INT64,899007,8052693,1000000,BIT_PACKED|PLAIN|RLE
shuffle-plain-zstd,supplier,s_phone,BYTE_ARRAY,7657941,19054295,1000000,BIT_PACKED|PLAIN|RLE
shuffle-plain-zstd,supplier,s_acctbal,INT64,3478527,8052709,1000000,BIT_PACKED|PLAIN|RLE
shuffle-plain-zstd,supplier,s_comment,BYTE_ARRAY,18011924,66551531,1000000,BIT_PACKED|PLAIN|RLE
shuffle-plain-zstd,supplier,ignore,BYTE_ARRAY,64000,49600,1000000,BIT_PACKED|PLAIN|RLE
shuffle-plain-zstd,nation,n_nationkey,INT64,1149,924,25,BIT_PACKED|PLAIN|RLE
shuffle-plain-zstd,nation,n_name,BYTE_ARRAY,1226,1001,25,BIT_PACKED|PLAIN|RLE
shuffle-plain-zstd,nation,n_regionkey,INT64,1150,925,25,BIT_PACKED|PLAIN|RLE
shuffle-plain-zstd,nation,n_comment,BYTE_ARRAY,2667,2721,25,BIT_PACKED|PLAIN|RLE
shuffle-plain-zstd,nation,ignore,BYTE_ARRAY,950,725,25,BIT_PACKED|PLAIN|RLE
shuffle-plain-zstd,region,r_regionkey,INT64,230,185,5,BIT_PACKED|PLAIN|RLE
shuffle-plain-zstd,region,r_name,BYTE_ARRAY,243,198,5,BIT_PACKED|PLAIN|RLE
shuffle-plain-zstd,region,r_comment,BYTE_ARRAY,488,500,5,BIT_PACKED|PLAIN|RLE
shuffle-plain-zstd,region,ignore,BYTE_ARRAY,190,145,5,BIT_PACKED|PLAIN|RLE
