column,table,variant,bp_groups,bp_vals,chunks,codec,comp_bytes,data_comp_bytes,data_pages,dba_pages,dba_vals,dbp_pages,dbp_vals,dict_comp_bytes,dict_entries,dict_pages,dict_uncomp_bytes,enc_DELTA_BINARY_PACKED,enc_DELTA_BYTE_ARRAY,enc_PLAIN,enc_PLAIN_DICTIONARY,has_colidx,has_offidx,idx_bits_sum,idx_pages,idx_vals,mb,mb_bits,page_has_stats,plain_pages,plain_vals,pmb,prefix_sum,ptype,pw0,pw1,pw2,pw3,pw4,pw5,pw6,rle_runs,rle_vals,smb,suffix_sum,sw0,sw1,sw2,sw3,sw4,sw5,sw6,sw7,sw8,sw9,values,w0,w1,w10,w11,w12,w13,w14,w15,w16,w17,w18,w19,w20,w21,w22,w23,w24,w25,w26,w27,w3,w4,w5,w6,w7
l_orderkey,lineitem,shuffle-dict-snappy,,,16.0,SNAPPY,28947251.0,28938457.0,304.0,,,,,,,,,,,304.0,,16.0,16.0,,,,,,0.0,304.0,5999757.0,,,INT64,,,,,,,,,,,,,,,,,,,,,,5999757.0,,,,,,,,,,,,,,,,,,,,,,,,,
l_partkey,lineitem,shuffle-dict-snappy,,,16.0,SNAPPY,32684255.0,32675459.0,304.0,,,,,,,,,,,304.0,,16.0,16.0,,,,,,0.0,304.0,5999757.0,,,INT64,,,,,,,,,,,,,,,,,,,,,,5999757.0,,,,,,,,,,,,,,,,,,,,,,,,,
l_suppkey,lineitem,shuffle-dict-snappy,,,16.0,SNAPPY,29624822.0,29616025.0,304.0,,,,,,,,,,,304.0,,16.0,16.0,,,,,,0.0,304.0,5999757.0,,,INT64,,,,,,,,,,,,,,,,,,,,,,5999757.0,,,,,,,,,,,,,,,,,,,,,,,,,
l_linenumber,lineitem,shuffle-dict-snappy,12009.0,5999680.0,16.0,SNAPPY,2275153.0,2266177.0,304.0,,,,,480.0,112.0,16.0,448.0,,,,304.0,16.0,16.0,17999271.0,304.0,5999757.0,,,0.0,,,,,INT32,,,,,,,,16.0,140.0,,,,,,,,,,,,,5999757.0,,,,,,,,,,,,,,,,,,,,,,,,,
l_quantity,lineitem,shuffle-dict-snappy,12000.0,5999808.0,16.0,SNAPPY,4529012.0,4516112.0,304.0,,,,,3762.0,800.0,16.0,6400.0,,,,304.0,16.0,16.0,35998542.0,304.0,5999757.0,,,0.0,,,,,INT64,,,,,,,,0.0,0.0,,,,,,,,,,,,,5999757.0,,,,,,,,,,,,,,,,,,,,,,,,,
l_extendedprice,lineitem,shuffle-dict-snappy,,,16.0,SNAPPY,31033149.0,31024348.0,304.0,,,,,,,,,,,304.0,,16.0,16.0,,,,,,0.0,304.0,5999757.0,,,INT64,,,,,,,,,,,,,,,,,,,,,,5999757.0,,,,,,,,,,,,,,,,,,,,,,,,,
l_discount,lineitem,shuffle-dict-snappy,12000.0,5999808.0,16.0,SNAPPY,3026096.0,3016160.0,304.0,,,,,859.0,176.0,16.0,1408.0,,,,304.0,16.0,16.0,23999028.0,304.0,5999757.0,,,0.0,,,,,INT64,,,,,,,,0.0,0.0,,,,,,,,,,,,,5999757.0,,,,,,,,,,,,,,,,,,,,,,,,,
l_tax,lineitem,shuffle-dict-snappy,12000.0,5999808.0,16.0,SNAPPY,3025967.0,3016160.0,304.0,,,,,729.0,144.0,16.0,1152.0,,,,304.0,16.0,16.0,23999028.0,304.0,5999757.0,,,0.0,,,,,INT64,,,,,,,,0.0,0.0,,,,,,,,,,,,,5999757.0,,,,,,,,,,,,,,,,,,,,,,,,,
l_returnflag,lineitem,shuffle-dict-snappy,13727.0,5971384.0,16.0,SNAPPY,1526145.0,1517371.0,304.0,,,,,272.0,48.0,16.0,240.0,,,,304.0,16.0,16.0,11999514.0,304.0,5999757.0,,,0.0,,,,,BYTE_ARRAY,,,,,,,,3271.0,29444.0,,,,,,,,,,,,,5999757.0,,,,,,,,,,,,,,,,,,,,,,,,,
l_linestatus,lineitem,shuffle-dict-snappy,15094.0,5948072.0,16.0,SNAPPY,783251.0,774567.0,304.0,,,,,192.0,32.0,16.0,160.0,,,,304.0,16.0,16.0,5999757.0,304.0,5999757.0,,,0.0,,,,,BYTE_ARRAY,,,,,,,,5854.0,52757.0,,,,,,,,,,,,,5999757.0,,,,,,,,,,,,,,,,,,,,,,,,,
l_shipdate,lineitem,shuffle-dict-snappy,12000.0,5999808.0,16.0,SNAPPY,9187177.0,9016272.0,304.0,,,,,161723.0,40407.0,16.0,161628.0,,,,304.0,16.0,16.0,71997084.0,304.0,5999757.0,,,0.0,,,,,INT32,,,,,,,,0.0,0.0,,,,,,,,,,,,,5999757.0,,,,,,,,,,,,,,,,,,,,,,,,,
l_commitdate,lineitem,shuffle-dict-snappy,12000.0,5999808.0,16.0,SNAPPY,9183355.0,9016272.0,304.0,,,,,157907.0,39453.0,16.0,157812.0,,,,304.0,16.0,16.0,71997084.0,304.0,5999757.0,,,0.0,,,,,INT32,,,,,,,,0.0,0.0,,,,,,,,,,,,,5999757.0,,,,,,,,,,,,,,,,,,,,,,,,,
l_receiptdate,lineitem,shuffle-dict-snappy,12000.0,5999808.0,16.0,SNAPPY,9188453.0,9016272.0,304.0,,,,,163003.0,40729.0,16.0,162916.0,,,,304.0,16.0,16.0,71997084.0,304.0,5999757.0,,,0.0,,,,,INT32,,,,,,,,0.0,0.0,,,,,,,,,,,,,5999757.0,,,,,,,,,,,,,,,,,,,,,,,,,
l_shipinstruct,lineitem,shuffle-dict-snappy,12023.0,5999512.0,16.0,SNAPPY,1525822.0,1516231.0,304.0,,,,,1072.0,64.0,16.0,1024.0,,,,304.0,16.0,16.0,11999514.0,304.0,5999757.0,,,0.0,,,,,BYTE_ARRAY,,,,,,,,37.0,306.0,,,,,,,,,,,,,5999757.0,,,,,,,,,,,,,,,,,,,,,,,,,
l_shipmode,lineitem,shuffle-dict-snappy,12001.0,5999800.0,16.0,SNAPPY,2275597.0,2266184.0,304.0,,,,,920.0,112.0,16.0,928.0,,,,304.0,16.0,16.0,17999271.0,304.0,5999757.0,,,0.0,,,,,BYTE_ARRAY,,,,,,,,1.0,8.0,,,,,,,,,,,,,5999757.0,,,,,,,,,,,,,,,,,,,,,,,,,
l_comment,lineitem,shuffle-dict-snappy,,,16.0,SNAPPY,77148953.0,77140154.0,304.0,,,,,,,,,,,304.0,,16.0,16.0,,,,,,0.0,304.0,5999757.0,,,BYTE_ARRAY,,,,,,,,,,,,,,,,,,,,,,5999757.0,,,,,,,,,,,,,,,,,,,,,,,,,
o_orderkey,orders,shuffle-dict-snappy,,,16.0,SNAPPY,7335841.0,7333527.0,80.0,,,,,,,,,,,80.0,,16.0,16.0,,,,,,0.0,80.0,1499993.0,,,INT64,,,,,,,,,,,,,,,,,,,,,,1499993.0,,,,,,,,,,,,,,,,,,,,,,,,,
o_custkey,orders,shuffle-dict-snappy,,,16.0,SNAPPY,8016388.0,8014072.0,80.0,,,,,,,,,,,80.0,,16.0,16.0,,,,,,0.0,80.0,1499993.0,,,INT64,,,,,,,,,,,,,,,,,,,,,,1499993.0,,,,,,,,,,,,,,,,,,,,,,,,,
o_orderstatus,orders,shuffle-dict-snappy,3617.0,1489672.0,16.0,SNAPPY,382267.0,379536.0,80.0,,,,,272.0,48.0,16.0,240.0,,,,80.0,16.0,16.0,2999986.0,80.0,1499993.0,,,0.0,,,,,BYTE_ARRAY,,,,,,,,1183.0,10587.0,,,,,,,,,,,,,1499993.0,,,,,,,,,,,,,,,,,,,,,,,,,
o_totalprice,orders,shuffle-dict-snappy,,,16.0,SNAPPY,8406477.0,8404159.0,80.0,,,,,,,,,,,80.0,,16.0,16.0,,,,,,0.0,80.0,1499993.0,,,INT64,,,,,,,,,,,,,,,,,,,,,,1499993.0,,,,,,,,,,,,,,,,,,,,,,,,,
o_orderdate,orders,shuffle-dict-snappy,3008.0,1500056.0,16.0,SNAPPY,2411061.0,2254292.0,80.0,,,,,154072.0,38496.0,16.0,153984.0,,,,80.0,16.0,16.0,17999916.0,80.0,1499993.0,,,0.0,,,,,INT32,,,,,,,,0.0,0.0,,,,,,,,,,,,,1499993.0,,,,,,,,,,,,,,,,,,,,,,,,,
o_orderpriority,orders,shuffle-dict-snappy,3009.0,1500040.0,16.0,SNAPPY,570134.0,566648.0,80.0,,,,,1022.0,80.0,16.0,992.0,,,,80.0,16.0,16.0,4499979.0,80.0,1499993.0,,,0.0,,,,,BYTE_ARRAY,,,,,,,,2.0,17.0,,,,,,,,,,,,,1499993.0,,,,,,,,,,,,,,,,,,,,,,,,,
o_clerk,orders,shuffle-dict-snappy,,,16.0,SNAPPY,9583580.0,9581262.0,80.0,,,,,,,,,,,80.0,,16.0,16.0,,,,,,0.0,80.0,1499993.0,,,BYTE_ARRAY,,,,,,,,,,,,,,,,,,,,,,1499993.0,,,,,,,,,,,,,,,,,,,,,,,,,
o_shippriority,orders,shuffle-dict-snappy,0.0,0.0,16.0,SNAPPY,3519.0,1120.0,80.0,,,,,96.0,16.0,16.0,64.0,,,,80.0,16.0,16.0,0.0,80.0,1499993.0,,,0.0,,,,,INT32,,,,,,,,80.0,1499993.0,,,,,,,,,,,,,1499993.0,,,,,,,,,,,,,,,,,,,,,,,,,
o_comment,orders,shuffle-dict-snappy,,,16.0,SNAPPY,29729678.0,29726913.0,96.0,,,,,,,,,,,96.0,,16.0,16.0,,,,,,0.0,96.0,1499993.0,,,BYTE_ARRAY,,,,,,,,,,,,,,,,,,,,,,1499993.0,,,,,,,,,,,,,,,,,,,,,,,,,
ps_partkey,partsupp,shuffle-dict-snappy,,,16.0,SNAPPY,3351293.0,3349906.0,48.0,,,,,,,,,,,48.0,,16.0,16.0,,,,,,0.0,48.0,799992.0,,,INT64,,,,,,,,,,,,,,,,,,,,,,799992.0,,,,,,,,,,,,,,,,,,,,,,,,,
ps_suppkey,partsupp,shuffle-dict-snappy,,,16.0,SNAPPY,3653121.0,3651733.0,48.0,,,,,,,,,,,48.0,,16.0,16.0,,,,,,0.0,48.0,799992.0,,,INT64,,,,,,,,,,,,,,,,,,,,,,799992.0,,,,,,,,,,,,,,,,,,,,,,,,,
ps_availqty,partsupp,shuffle-dict-snappy,1600.0,800056.0,16.0,SNAPPY,2039922.0,1402418.0,48.0,,,,,635715.0,158902.0,16.0,635608.0,,,,48.0,16.0,16.0,11199888.0,48.0,799992.0,,,0.0,,,,,INT32,,,,,,,,0.0,0.0,,,,,,,,,,,,,799992.0,,,,,,,,,,,,,,,,,,,,,,,,,
ps_supplycost,partsupp,shuffle-dict-snappy,,,16.0,SNAPPY,3596648.0,3595262.0,48.0,,,,,,,,,,,48.0,,16.0,16.0,,,,,,0.0,48.0,799992.0,,,INT64,,,,,,,,,,,,,,,,,,,,,,799992.0,,,,,,,,,,,,,,,,,,,,,,,,,
ps_comment,partsupp,shuffle-dict-snappy,,,16.0,SNAPPY,34063831.0,34060703.0,112.0,,,,,,,,,,,112.0,,16.0,16.0,,,,,,0.0,112.0,799992.0,,,BYTE_ARRAY,,,,,,,,,,,,,,,,,,,,,,799992.0,,,,,,,,,,,,,,,,,,,,,,,,,
p_partkey,part,shuffle-dict-snappy,,,16.0,SNAPPY,915519.0,915056.0,16.0,,,,,,,,,,,16.0,,16.0,16.0,,,,,,0.0,16.0,199995.0,,,INT64,,,,,,,,,,,,,,,,,,,,,,199995.0,,,,,,,,,,,,,,,,,,,,,,,,,
p_name,part,shuffle-dict-snappy,,,16.0,SNAPPY,2676056.0,2675592.0,16.0,,,,,,,,,,,16.0,,16.0,16.0,,,,,,0.0,16.0,199995.0,,,BYTE_ARRAY,,,,,,,,,,,,,,,,,,,,,,199995.0,,,,,,,,,,,,,,,,,,,,,,,,,
p_mfgr,part,shuffle-dict-snappy,401.0,200048.0,16.0,SNAPPY,77034.0,75645.0,16.0,,,,,640.0,80.0,16.0,1440.0,,,,16.0,16.0,16.0,599985.0,16.0,199995.0,,,0.0,,,,,BYTE_ARRAY,,,,,,,,1.0,8.0,,,,,,,,,,,,,199995.0,,,,,,,,,,,,,,,,,,,,,,,,,
p_brand,part,shuffle-dict-snappy,400.0,200056.0,16.0,SNAPPY,128363.0,125659.0,16.0,,,,,1936.0,400.0,16.0,4800.0,,,,16.0,16.0,16.0,999975.0,16.0,199995.0,,,0.0,,,,,BYTE_ARRAY,,,,,,,,0.0,0.0,,,,,,,,,,,,,199995.0,,,,,,,,,,,,,,,,,,,,,,,,,
p_type,part,shuffle-dict-snappy,400.0,200056.0,16.0,SNAPPY,219855.0,200680.0,16.0,,,,,18363.0,2400.0,16.0,59040.0,,,,16.0,16.0,16.0,1599960.0,16.0,199995.0,,,0.0,,,,,BYTE_ARRAY,,,,,,,,0.0,0.0,,,,,,,,,,,,,199995.0,,,,,,,,,,,,,,,,,,,,,,,,,
p_size,part,shuffle-dict-snappy,400.0,200056.0,16.0,SNAPPY,154728.0,150666.0,16.0,,,,,3264.0,800.0,16.0,3200.0,,,,16.0,16.0,16.0,1199970.0,16.0,199995.0,,,0.0,,,,,INT32,,,,,,,,0.0,0.0,,,,,,,,,,,,,199995.0,,,,,,,,,,,,,,,,,,,,,,,,,
p_container,part,shuffle-dict-snappy,400.0,200056.0,16.0,SNAPPY,155692.0,150666.0,16.0,,,,,4227.0,640.0,16.0,7408.0,,,,16.0,16.0,16.0,1199970.0,16.0,199995.0,,,0.0,,,,,BYTE_ARRAY,,,,,,,,0.0,0.0,,,,,,,,,,,,,199995.0,,,,,,,,,,,,,,,,,,,,,,,,,
p_retailprice,part,shuffle-dict-snappy,,,16.0,SNAPPY,880380.0,879918.0,16.0,,,,,,,,,,,16.0,,16.0,16.0,,,,,,0.0,16.0,199995.0,,,INT64,,,,,,,,,,,,,,,,,,,,,,199995.0,,,,,,,,,,,,,,,,,,,,,,,,,
p_comment,part,shuffle-dict-snappy,,,16.0,SNAPPY,1707727.0,1707265.0,16.0,,,,,,,,,,,16.0,,16.0,16.0,,,,,,0.0,16.0,199995.0,,,BYTE_ARRAY,,,,,,,,,,,,,,,,,,,,,,199995.0,,,,,,,,,,,,,,,,,,,,,,,,,
c_custkey,customer,shuffle-dict-snappy,,,16.0,SNAPPY,686866.0,686403.0,16.0,,,,,,,,,,,16.0,,16.0,16.0,,,,,,0.0,16.0,149991.0,,,INT64,,,,,,,,,,,,,,,,,,,,,,149991.0,,,,,,,,,,,,,,,,,,,,,,,,,
c_name,customer,shuffle-dict-snappy,,,16.0,SNAPPY,990610.0,990146.0,16.0,,,,,,,,,,,16.0,,16.0,16.0,,,,,,0.0,16.0,149991.0,,,BYTE_ARRAY,,,,,,,,,,,,,,,,,,,,,,149991.0,,,,,,,,,,,,,,,,,,,,,,,,,
c_address,customer,shuffle-dict-snappy,,,16.0,SNAPPY,4288871.0,4288407.0,16.0,,,,,,,,,,,16.0,,16.0,16.0,,,,,,0.0,16.0,149991.0,,,BYTE_ARRAY,,,,,,,,,,,,,,,,,,,,,,149991.0,,,,,,,,,,,,,,,,,,,,,,,,,
c_nationkey,customer,shuffle-dict-snappy,304.0,150048.0,16.0,SNAPPY,96849.0,94308.0,16.0,,,,,1774.0,400.0,16.0,3200.0,,,,16.0,16.0,16.0,749955.0,16.0,149991.0,,,0.0,,,,,INT64,,,,,,,,0.0,0.0,,,,,,,,,,,,,149991.0,,,,,,,,,,,,,,,,,,,,,,,,,
c_phone,customer,shuffle-dict-snappy,,,16.0,SNAPPY,1785424.0,1784963.0,16.0,,,,,,,,,,,16.0,,16.0,16.0,,,,,,0.0,16.0,149991.0,,,BYTE_ARRAY,,,,,,,,,,,,,,,,,,,,,,149991.0,,,,,,,,,,,,,,,,,,,,,,,,,
c_acctbal,customer,shuffle-dict-snappy,,,16.0,SNAPPY,742469.0,742008.0,16.0,,,,,,,,,,,16.0,,16.0,16.0,,,,,,0.0,16.0,149991.0,,,INT64,,,,,,,,,,,,,,,,,,,,,,149991.0,,,,,,,,,,,,,,,,,,,,,,,,,
c_mktsegment,customer,shuffle-dict-snappy,304.0,150048.0,16.0,SNAPPY,58611.0,56796.0,16.0,,,,,1050.0,80.0,16.0,1040.0,,,,16.0,16.0,16.0,449973.0,16.0,149991.0,,,0.0,,,,,BYTE_ARRAY,,,,,,,,0.0,0.0,,,,,,,,,,,,,149991.0,,,,,,,,,,,,,,,,,,,,,,,,,
c_comment,customer,shuffle-dict-snappy,,,16.0,SNAPPY,4070923.0,4070461.0,16.0,,,,,,,,,,,16.0,,16.0,16.0,,,,,,0.0,16.0,149991.0,,,BYTE_ARRAY,,,,,,,,,,,,,,,,,,,,,,149991.0,,,,,,,,,,,,,,,,,,,,,,,,,
l_orderkey,lineitem,keyorder-dict-snappy,12015.0,6005176.0,16.0,SNAPPY,15338123.0,9340587.0,309.0,,,,,5988206.0,1501674.0,16.0,12013392.0,,,,309.0,16.0,16.0,94727142.0,309.0,6005126.0,,,0.0,,,,,INT64,,,,,,,,0.0,0.0,,,,,,,,,,,,,6005126.0,,,,,,,,,,,,,,,,,,,,,,,,,
l_partkey,lineitem,keyorder-dict-snappy,,,16.0,SNAPPY,32713955.0,32705029.0,309.0,,,,,,,,,,,309.0,,16.0,16.0,,,,,,0.0,309.0,6005126.0,,,INT64,,,,,,,,,,,,,,,,,,,,,,6005126.0,,,,,,,,,,,,,,,,,,,,,,,,,
l_suppkey,lineitem,keyorder-dict-snappy,,,16.0,SNAPPY,29649315.0,29640385.0,309.0,,,,,,,,,,,309.0,,16.0,16.0,,,,,,0.0,309.0,6005126.0,,,INT64,,,,,,,,,,,,,,,,,,,,,,6005126.0,,,,,,,,,,,,,,,,,,,,,,,,,
l_linenumber,lineitem,keyorder-dict-snappy,12015.0,6005176.0,16.0,SNAPPY,1607500.0,1598396.0,309.0,,,,,480.0,112.0,16.0,448.0,,,,309.0,16.0,16.0,18015378.0,309.0,6005126.0,,,0.0,,,,,INT32,,,,,,,,0.0,0.0,,,,,,,,,,,,,6005126.0,,,,,,,,,,,,,,,,,,,,,,,,,
l_quantity,lineitem,keyorder-dict-snappy,12015.0,6005176.0,16.0,SNAPPY,4533224.0,4520216.0,309.0,,,,,3763.0,800.0,16.0,6400.0,,,,309.0,16.0,16.0,36030756.0,309.0,6005126.0,,,0.0,,,,,INT64,,,,,,,,0.0,0.0,,,,,,,,,,,,,6005126.0,,,,,,,,,,,,,,,,,,,,,,,,,
l_extendedprice,lineitem,keyorder-dict-snappy,,,16.0,SNAPPY,31059933.0,31051009.0,309.0,,,,,,,,,,,309.0,,16.0,16.0,,,,,,0.0,309.0,6005126.0,,,INT64,,,,,,,,,,,,,,,,,,,,,,6005126.0,,,,,,,,,,,,,,,,,,,,,,,,,
l_discount,lineitem,keyorder-dict-snappy,12015.0,6005176.0,16.0,SNAPPY,3028994.0,3018922.0,309.0,,,,,848.0,176.0,16.0,1408.0,,,,309.0,16.0,16.0,24020504.0,309.0,6005126.0,,,0.0,,,,,INT64,,,,,,,,0.0,0.0,,,,,,,,,,,,,6005126.0,,,,,,,,,,,,,,,,,,,,,,,,,
l_tax,lineitem,keyorder-dict-snappy,12015.0,6005176.0,16.0,SNAPPY,3028878.0,3018922.0,309.0,,,,,734.0,144.0,16.0,1152.0,,,,309.0,16.0,16.0,24020504.0,309.0,6005126.0,,,0.0,,,,,INT64,,,,,,,,0.0,0.0,,,,,,,,,,,,,6005126.0,,,,,,,,,,,,,,,,,,,,,,,,,
l_returnflag,lineitem,keyorder-dict-snappy,89353.0,4788040.0,16.0,SNAPPY,1478447.0,1469553.0,309.0,,,,,272.0,48.0,16.0,240.0,,,,309.0,16.0,16.0,12010252.0,309.0,6005126.0,,,0.0,,,,,BYTE_ARRAY,,,,,,,,89416.0,1218168.0,,,,,,,,,,,,,6005126.0,,,,,,,,,,,,,,,,,,,,,,,,,
l_linestatus,lineitem,keyorder-dict-snappy,130502.0,3268416.0,16.0,SNAPPY,948623.0,939811.0,309.0,,,,,192.0,32.0,16.0,160.0,,,,309.0,16.0,16.0,6005126.0,309.0,6005126.0,,,0.0,,,,,BYTE_ARRAY,,,,,,,,200397.0,2737635.0,,,,,,,,,,,,,6005126.0,,,,,,,,,,,,,,,,,,,,,,,,,
l_shipdate,lineitem,keyorder-dict-snappy,12015.0,6005176.0,16.0,SNAPPY,9195398.0,9024398.0,309.0,,,,,161696.0,40403.0,16.0,161612.0,,,,309.0,16.0,16.0,72061512.0,309.0,6005126.0,,,0.0,,,,,INT32,,,,,,,,0.0,0.0,,,,,,,,,,,,,6005126.0,,,,,,,,,,,,,,,,,,,,,,,,,
l_commitdate,lineitem,keyorder-dict-snappy,12015.0,6005176.0,16.0,SNAPPY,9191607.0,9024398.0,309.0,,,,,157905.0,39454.0,16.0,157816.0,,,,309.0,16.0,16.0,72061512.0,309.0,6005126.0,,,0.0,,,,,INT32,,,,,,,,0.0,0.0,,,,,,,,,,,,,6005126.0,,,,,,,,,,,,,,,,,,,,,,,,,
l_receiptdate,lineitem,keyorder-dict-snappy,12015.0,6005176.0,16.0,SNAPPY,9196700.0,9024398.0,309.0,,,,,162993.0,40727.0,16.0,162908.0,,,,309.0,16.0,16.0,72061512.0,309.0,6005126.0,,,0.0,,,,,INT32,,,,,,,,0.0,0.0,,,,,,,,,,,,,6005126.0,,,,,,,,,,,,,,,,,,,,,,,,,
l_shipinstruct,lineitem,keyorder-dict-snappy,12043.0,6004744.0,16.0,SNAPPY,1527379.0,1517653.0,309.0,,,,,1072.0,64.0,16.0,1024.0,,,,309.0,16.0,16.0,12010252.0,309.0,6005126.0,,,0.0,,,,,BYTE_ARRAY,,,,,,,,53.0,442.0,,,,,,,,,,,,,6005126.0,,,,,,,,,,,,,,,,,,,,,,,,,
l_shipmode,lineitem,keyorder-dict-snappy,12016.0,6005168.0,16.0,SNAPPY,2277818.0,2268275.0,309.0,,,,,921.0,112.0,16.0,928.0,,,,309.0,16.0,16.0,18015378.0,309.0,6005126.0,,,0.0,,,,,BYTE_ARRAY,,,,,,,,1.0,8.0,,,,,,,,,,,,,6005126.0,,,,,,,,,,,,,,,,,,,,,,,,,
l_comment,lineitem,keyorder-dict-snappy,,,16.0,SNAPPY,77236614.0,77227680.0,309.0,,,,,,,,,,,309.0,,16.0,16.0,,,,,,0.0,309.0,6005126.0,,,BYTE_ARRAY,,,,,,,,,,,,,,,,,,,,,,6005126.0,,,,,,,,,,,,,,,,,,,,,,,,,
o_orderkey,orders,keyorder-dict-snappy,,,16.0,SNAPPY,5983307.0,5980992.0,80.0,,,,,,,,,,,80.0,,16.0,16.0,,,,,,0.0,80.0,1499672.0,,,INT64,,,,,,,,,,,,,,,,,,,,,,1499672.0,,,,,,,,,,,,,,,,,,,,,,,,,
o_custkey,orders,keyorder-dict-snappy,,,16.0,SNAPPY,8015531.0,8013215.0,80.0,,,,,,,,,,,80.0,,16.0,16.0,,,,,,0.0,80.0,1499672.0,,,INT64,,,,,,,,,,,,,,,,,,,,,,1499672.0,,,,,,,,,,,,,,,,,,,,,,,,,
o_orderstatus,orders,keyorder-dict-snappy,3595.0,1489880.0,16.0,SNAPPY,382180.0,379451.0,80.0,,,,,272.0,48.0,16.0,240.0,,,,80.0,16.0,16.0,2999344.0,80.0,1499672.0,,,0.0,,,,,BYTE_ARRAY,,,,,,,,1128.0,10078.0,,,,,,,,,,,,,1499672.0,,,,,,,,,,,,,,,,,,,,,,,,,
o_totalprice,orders,keyorder-dict-snappy,,,16.0,SNAPPY,8403987.0,8401673.0,80.0,,,,,,,,,,,80.0,,16.0,16.0,,,,,,0.0,80.0,1499672.0,,,INT64,,,,,,,,,,,,,,,,,,,,,,1499672.0,,,,,,,,,,,,,,,,,,,,,,,,,
o_orderdate,orders,keyorder-dict-snappy,3004.0,1499720.0,16.0,SNAPPY,2410558.0,2253784.0,80.0,,,,,154077.0,38496.0,16.0,153984.0,,,,80.0,16.0,16.0,17996064.0,80.0,1499672.0,,,0.0,,,,,INT32,,,,,,,,0.0,0.0,,,,,,,,,,,,,1499672.0,,,,,,,,,,,,,,,,,,,,,,,,,
o_orderpriority,orders,keyorder-dict-snappy,3004.0,1499720.0,16.0,SNAPPY,570000.0,566519.0,80.0,,,,,1018.0,80.0,16.0,992.0,,,,80.0,16.0,16.0,4499016.0,80.0,1499672.0,,,0.0,,,,,BYTE_ARRAY,,,,,,,,0.0,0.0,,,,,,,,,,,,,1499672.0,,,,,,,,,,,,,,,,,,,,,,,,,
o_clerk,orders,keyorder-dict-snappy,,,16.0,SNAPPY,9578881.0,9576566.0,80.0,,,,,,,,,,,80.0,,16.0,16.0,,,,,,0.0,80.0,1499672.0,,,BYTE_ARRAY,,,,,,,,,,,,,,,,,,,,,,1499672.0,,,,,,,,,,,,,,,,,,,,,,,,,
o_shippriority,orders,keyorder-dict-snappy,0.0,0.0,16.0,SNAPPY,3520.0,1120.0,80.0,,,,,96.0,16.0,16.0,64.0,,,,80.0,16.0,16.0,0.0,80.0,1499672.0,,,0.0,,,,,INT32,,,,,,,,80.0,1499672.0,,,,,,,,,,,,,1499672.0,,,,,,,,,,,,,,,,,,,,,,,,,
o_comment,orders,keyorder-dict-snappy,,,16.0,SNAPPY,29754013.0,29751366.0,92.0,,,,,,,,,,,92.0,,16.0,16.0,,,,,,0.0,92.0,1499672.0,,,BYTE_ARRAY,,,,,,,,,,,,,,,,,,,,,,1499672.0,,,,,,,,,,,,,,,,,,,,,,,,,
ps_partkey,partsupp,keyorder-dict-snappy,1608.0,802688.0,16.0,SNAPPY,2091869.0,1286816.0,48.0,,,,,803266.0,200669.0,16.0,1605352.0,,,,48.0,16.0,16.0,10916848.0,48.0,802632.0,,,0.0,,,,,INT64,,,,,,,,0.0,0.0,,,,,,,,,,,,,802632.0,,,,,,,,,,,,,,,,,,,,,,,,,
ps_suppkey,partsupp,keyorder-dict-snappy,,,16.0,SNAPPY,3217772.0,3216383.0,48.0,,,,,,,,,,,48.0,,16.0,16.0,,,,,,0.0,48.0,802632.0,,,INT64,,,,,,,,,,,,,,,,,,,,,,802632.0,,,,,,,,,,,,,,,,,,,,,,,,,
ps_availqty,partsupp,keyorder-dict-snappy,1608.0,802688.0,16.0,SNAPPY,2044420.0,1407031.0,48.0,,,,,635602.0,158876.0,16.0,635504.0,,,,48.0,16.0,16.0,11236848.0,48.0,802632.0,,,0.0,,,,,INT32,,,,,,,,0.0,0.0,,,,,,,,,,,,,802632.0,,,,,,,,,,,,,,,,,,,,,,,,,
ps_supplycost,partsupp,keyorder-dict-snappy,,,16.0,SNAPPY,3608623.0,3607235.0,48.0,,,,,,,,,,,48.0,,16.0,16.0,,,,,,0.0,48.0,802632.0,,,INT64,,,,,,,,,,,,,,,,,,,,,,802632.0,,,,,,,,,,,,,,,,,,,,,,,,,
ps_comment,partsupp,keyorder-dict-snappy,,,16.0,SNAPPY,34155018.0,34151887.0,112.0,,,,,,,,,,,112.0,,16.0,16.0,,,,,,0.0,112.0,802632.0,,,BYTE_ARRAY,,,,,,,,,,,,,,,,,,,,,,802632.0,,,,,,,,,,,,,,,,,,,,,,,,,
p_partkey,part,keyorder-dict-snappy,,,16.0,SNAPPY,817457.0,816993.0,16.0,,,,,,,,,,,16.0,,16.0,16.0,,,,,,0.0,16.0,203883.0,,,INT64,,,,,,,,,,,,,,,,,,,,,,203883.0,,,,,,,,,,,,,,,,,,,,,,,,,
p_name,part,keyorder-dict-snappy,,,16.0,SNAPPY,2728316.0,2727853.0,16.0,,,,,,,,,,,16.0,,16.0,16.0,,,,,,0.0,16.0,203883.0,,,BYTE_ARRAY,,,,,,,,,,,,,,,,,,,,,,203883.0,,,,,,,,,,,,,,,,,,,,,,,,,
p_mfgr,part,keyorder-dict-snappy,413.0,203936.0,16.0,SNAPPY,78503.0,77115.0,16.0,,,,,640.0,80.0,16.0,1440.0,,,,16.0,16.0,16.0,611649.0,16.0,203883.0,,,0.0,,,,,BYTE_ARRAY,,,,,,,,1.0,8.0,,,,,,,,,,,,,203883.0,,,,,,,,,,,,,,,,,,,,,,,,,
p_brand,part,keyorder-dict-snappy,412.0,203944.0,16.0,SNAPPY,130813.0,128101.0,16.0,,,,,1939.0,400.0,16.0,4800.0,,,,16.0,16.0,16.0,1019415.0,16.0,203883.0,,,0.0,,,,,BYTE_ARRAY,,,,,,,,0.0,0.0,,,,,,,,,,,,,203883.0,,,,,,,,,,,,,,,,,,,,,,,,,
p_type,part,keyorder-dict-snappy,412.0,203944.0,16.0,SNAPPY,223825.0,204580.0,16.0,,,,,18430.0,2400.0,16.0,59040.0,,,,16.0,16.0,16.0,1631064.0,16.0,203883.0,,,0.0,,,,,BYTE_ARRAY,,,,,,,,0.0,0.0,,,,,,,,,,,,,203883.0,,,,,,,,,,,,,,,,,,,,,,,,,
p_size,part,keyorder-dict-snappy,412.0,203944.0,16.0,SNAPPY,157655.0,153594.0,16.0,,,,,3264.0,800.0,16.0,3200.0,,,,16.0,16.0,16.0,1223298.0,16.0,203883.0,,,0.0,,,,,INT32,,,,,,,,0.0,0.0,,,,,,,,,,,,,203883.0,,,,,,,,,,,,,,,,,,,,,,,,,
p_container,part,keyorder-dict-snappy,412.0,203944.0,16.0,SNAPPY,158549.0,153594.0,16.0,,,,,4157.0,640.0,16.0,7408.0,,,,16.0,16.0,16.0,1223298.0,16.0,203883.0,,,0.0,,,,,BYTE_ARRAY,,,,,,,,0.0,0.0,,,,,,,,,,,,,203883.0,,,,,,,,,,,,,,,,,,,,,,,,,
p_retailprice,part,keyorder-dict-snappy,412.0,203944.0,16.0,SNAPPY,441189.0,286495.0,16.0,,,,,153846.0,34775.0,16.0,278200.0,,,,16.0,16.0,16.0,2446596.0,16.0,203883.0,,,0.0,,,,,INT64,,,,,,,,0.0,0.0,,,,,,,,,,,,,203883.0,,,,,,,,,,,,,,,,,,,,,,,,,
p_comment,part,keyorder-dict-snappy,,,16.0,SNAPPY,1738261.0,1737799.0,16.0,,,,,,,,,,,16.0,,16.0,16.0,,,,,,0.0,16.0,203883.0,,,BYTE_ARRAY,,,,,,,,,,,,,,,,,,,,,,203883.0,,,,,,,,,,,,,,,,,,,,,,,,,
c_custkey,customer,keyorder-dict-snappy,,,16.0,SNAPPY,619222.0,618759.0,16.0,,,,,,,,,,,16.0,,16.0,16.0,,,,,,0.0,16.0,154512.0,,,INT64,,,,,,,,,,,,,,,,,,,,,,154512.0,,,,,,,,,,,,,,,,,,,,,,,,,
c_name,customer,keyorder-dict-snappy,,,16.0,SNAPPY,769250.0,768786.0,16.0,,,,,,,,,,,16.0,,16.0,16.0,,,,,,0.0,16.0,154512.0,,,BYTE_ARRAY,,,,,,,,,,,,,,,,,,,,,,154512.0,,,,,,,,,,,,,,,,,,,,,,,,,
c_address,customer,keyorder-dict-snappy,,,16.0,SNAPPY,4424783.0,4424319.0,16.0,,,,,,,,,,,16.0,,16.0,16.0,,,,,,0.0,16.0,154512.0,,,BYTE_ARRAY,,,,,,,,,,,,,,,,,,,,,,154512.0,,,,,,,,,,,,,,,,,,,,,,,,,
c_nationkey,customer,keyorder-dict-snappy,316.0,154568.0,16.0,SNAPPY,99684.0,97145.0,16.0,,,,,1773.0,400.0,16.0,3200.0,,,,16.0,16.0,16.0,772560.0,16.0,154512.0,,,0.0,,,,,INT64,,,,,,,,0.0,0.0,,,,,,,,,,,,,154512.0,,,,,,,,,,,,,,,,,,,,,,,,,
c_phone,customer,keyorder-dict-snappy,,,16.0,SNAPPY,1836806.0,1836343.0,16.0,,,,,,,,,,,16.0,,16.0,16.0,,,,,,0.0,16.0,154512.0,,,BYTE_ARRAY,,,,,,,,,,,,,,,,,,,,,,154512.0,,,,,,,,,,,,,,,,,,,,,,,,,
c_acctbal,customer,keyorder-dict-snappy,,,16.0,SNAPPY,764773.0,764310.0,16.0,,,,,,,,,,,16.0,,16.0,16.0,,,,,,0.0,16.0,154512.0,,,INT64,,,,,,,,,,,,,,,,,,,,,,154512.0,,,,,,,,,,,,,,,,,,,,,,,,,
c_mktsegment,customer,keyorder-dict-snappy,316.0,154552.0,16.0,SNAPPY,60314.0,58501.0,16.0,,,,,1046.0,80.0,16.0,1040.0,,,,16.0,16.0,16.0,463536.0,16.0,154512.0,,,0.0,,,,,BYTE_ARRAY,,,,,,,,2.0,16.0,,,,,,,,,,,,,154512.0,,,,,,,,,,,,,,,,,,,,,,,,,
c_comment,customer,keyorder-dict-snappy,,,16.0,SNAPPY,4198681.0,4198217.0,16.0,,,,,,,,,,,16.0,,16.0,16.0,,,,,,0.0,16.0,154512.0,,,BYTE_ARRAY,,,,,,,,,,,,,,,,,,,,,,154512.0,,,,,,,,,,,,,,,,,,,,,,,,,
l_orderkey,lineitem,shuffle-delta-snappy,,,16.0,SNAPPY,15443377.0,15434561.0,304.0,,,304.0,5999858.0,,,,,304.0,,,,16.0,16.0,,,,187503.0,3774270.0,0.0,,,,,INT64,,,,,,,,,,,,,,,,,,,,,,5999858.0,,,,,,,,,,78.0,,6628.0,175529.0,19.0,6.0,,287.0,1898.0,1003.0,2055.0,,,,,
l_partkey,lineitem,shuffle-delta-snappy,,,16.0,SNAPPY,19532668.0,19523852.0,304.0,,,304.0,5999858.0,,,,,304.0,,,,16.0,16.0,,,,187503.0,4785252.0,0.0,,,,,INT64,,,,,,,,,,,,,,,,,,,,,,5999858.0,,,,,,,,,,,,,,,,,1.0,89824.0,97678.0,,,,,,
l_suppkey,lineitem,shuffle-delta-snappy,,,16.0,SNAPPY,16095058.0,16086242.0,304.0,,,304.0,5999858.0,,,,,304.0,,,,16.0,16.0,,,,187503.0,3937561.0,0.0,,,,,INT64,,,,,,,,,,,,,,,,,,,,,,5999858.0,,,,,,,,,,,,,2.0,187501.0,,,,,,,,,,,
l_linenumber,lineitem,shuffle-delta-snappy,,,16.0,SNAPPY,3223964.0,3215180.0,304.0,,,304.0,5999858.0,,,,,304.0,,,,16.0,16.0,,,,187503.0,749772.0,0.0,,,,,INT32,,,,,,,,,,,,,,,,,,,,,,5999858.0,,,,,,,,,,,,,,,,,,,,,240.0,187263.0,,,
l_quantity,lineitem,shuffle-delta-snappy,,,16.0,SNAPPY,10541120.0,10532304.0,304.0,,,304.0,5999858.0,,,,,304.0,,,,16.0,16.0,,,,187503.0,2561034.0,0.0,,,,,INT64,,,,,,,,,,,,,,,,,,,,,,5999858.0,,,,,,64008.0,123495.0,,,,,,,,,,,,,,,,,,
l_extendedprice,lineitem,shuffle-delta-snappy,,,16.0,SNAPPY,18436908.0,18428092.0,304.0,,,304.0,5999858.0,,,,,304.0,,,,16.0,16.0,,,,187503.0,4511254.0,0.0,,,,,INT64,,,,,,,,,,,,,,,,,,,,,,5999858.0,,,,,,,,,,,,,,,,2.0,176317.0,11184.0,,,,,,,
l_discount,lineitem,shuffle-delta-snappy,,,16.0,SNAPPY,3956453.0,3947637.0,304.0,,,304.0,5999858.0,,,,,304.0,,,,16.0,16.0,,,,187503.0,931777.0,0.0,,,,,INT64,,,,,,,,,,,,,,,,,,,,,,5999858.0,,,,,,,,,,,,,,,,,,,,,,5738.0,181765.0,,
l_tax,lineitem,shuffle-delta-snappy,,,16.0,SNAPPY,3456835.0,3448019.0,304.0,,,304.0,5999858.0,,,,,304.0,,,,16.0,16.0,,,,187503.0,801771.0,0.0,,,,,INT64,,,,,,,,,,,,,,,,,,,,,,5999858.0,,,,,,,,,,,,,,,,,,,,,,135744.0,51759.0,,
l_returnflag,lineitem,shuffle-delta-snappy,,,16.0,SNAPPY,4594788.0,4585972.0,304.0,304.0,5999858.0,,,,,,,,304.0,,,16.0,16.0,,,,,,0.0,,,187503.0,2270083.0,BYTE_ARRAY,,,187503.0,,,,,,,187503.0,3729775.0,,1.0,187502.0,,,,,,,,5999858.0,,,,,,,,,,,,,,,,,,,,,,,,,
l_linestatus,lineitem,shuffle-delta-snappy,,,16.0,SNAPPY,3321030.0,3312214.0,304.0,304.0,5999858.0,,,,,,,,304.0,,,16.0,16.0,,,,,,0.0,,,187503.0,3000902.0,BYTE_ARRAY,,,187503.0,,,,,,,187503.0,2998956.0,,,187503.0,,,,,,,,5999858.0,,,,,,,,,,,,,,,,,,,,,,,,,
l_shipdate,lineitem,shuffle-delta-snappy,,,16.0,SNAPPY,9639233.0,9630417.0,304.0,,,304.0,5999858.0,,,,,304.0,,,,16.0,16.0,,,,187503.0,2335515.0,0.0,,,,,INT32,,,,,,,,,,,,,,,,,,,,,,5999858.0,,,,,102024.0,85479.0,,,,,,,,,,,,,,,,,,,
l_commitdate,lineitem,shuffle-delta-snappy,,,16.0,SNAPPY,9631667.0,9622851.0,304.0,,,304.0,5999858.0,,,,,304.0,,,,16.0,16.0,,,,187503.0,2333624.0,0.0,,,,,INT32,,,,,,,,,,,,,,,,,,,,,,5999858.0,,,,,103915.0,83588.0,,,,,,,,,,,,,,,,,,,
l_receiptdate,lineitem,shuffle-delta-snappy,,,16.0,SNAPPY,9639574.0,9630758.0,304.0,,,304.0,5999858.0,,,,,304.0,,,,16.0,16.0,,,,187503.0,2335599.0,0.0,,,,,INT32,,,,,,,,,,,,,,,,,,,,,,5999858.0,,,,,101940.0,85563.0,,,,,,,,,,,,,,,,,,,
l_shipinstruct,lineitem,shuffle-delta-snappy,,,16.0,SNAPPY,15159606.0,15150790.0,304.0,304.0,5999858.0,,,,,,,,304.0,,,16.0,16.0,,,,,,0.0,,,187503.0,17980872.0,BYTE_ARRAY,,,,,1.0,4743.0,182759.0,,,187503.0,54019962.0,,,,,,4587.0,182916.0,,,,5999858.0,,,,,,,,,,,,,,,,,,,,,,,,,
l_shipmode,lineitem,shuffle-delta-snappy,,,16.0,SNAPPY,12194862.0,12186046.0,304.0,304.0,5999858.0,,,,,,,,304.0,,,16.0,16.0,,,,,,0.0,,,187503.0,3916286.0,BYTE_ARRAY,,,1.0,745.0,186757.0,,,,,187503.0,21796730.0,,,,29.0,187474.0,,,,,,5999858.0,,,,,,,,,,,,,,,,,,,,,,,,,
l_comment,lineitem,shuffle-delta-snappy,,,16.0,SNAPPY,71199976.0,71191160.0,304.0,304.0,5999858.0,,,,,,,,304.0,,,16.0,16.0,,,,,,0.0,,,187503.0,531358.0,BYTE_ARRAY,77.0,9495.0,85879.0,57268.0,28068.0,6504.0,212.0,,,187503.0,158462029.0,,,,,,,177805.0,9698.0,,,5999858.0,,,,,,,,,,,,,,,,,,,,,,,,,
o_orderkey,orders,shuffle-delta-snappy,,,16.0,SNAPPY,3852293.0,3849973.0,80.0,,,80.0,1500001.0,,,,,80.0,,,,16.0,16.0,,,,46881.0,941404.0,0.0,,,,,INT64,,,,,,,,,,,,,,,,,,,,,,1500001.0,,,,,,,,,,,,936.0,44719.0,226.0,128.0,56.0,272.0,314.0,198.0,32.0,,,,,
o_custkey,orders,shuffle-delta-snappy,,,16.0,SNAPPY,4786277.0,4783957.0,80.0,,,80.0,1500001.0,,,,,80.0,,,,16.0,16.0,,,,46881.0,1172024.0,0.0,,,,,INT64,,,,,,,,,,,,,,,,,,,,,,1500001.0,,,,,,,,,,,,,,,,,1.0,46880.0,,,,,,,
o_orderstatus,orders,shuffle-delta-snappy,,,16.0,SNAPPY,936776.0,934456.0,80.0,80.0,1500001.0,,,,,,,,80.0,,,16.0,16.0,,,,,,0.0,,,46881.0,712479.0,BYTE_ARRAY,,1.0,46880.0,,,,,,,46881.0,787522.0,,1.0,46880.0,,,,,,,,1500001.0,,,,,,,,,,,,,,,,,,,,,,,,,
o_totalprice,orders,shuffle-delta-snappy,,,16.0,SNAPPY,4984306.0,4981986.0,80.0,,,80.0,1500001.0,,,,,80.0,,,,16.0,16.0,,,,46881.0,1221496.0,0.0,,,,,INT64,,,,,,,,,,,,,,,,,,,,,,1500001.0,,,,,,,,,,,,,,,,,,1.0,44289.0,2591.0,,,,,
o_orderdate,orders,shuffle-delta-snappy,,,16.0,SNAPPY,2409138.0,2406818.0,80.0,,,80.0,1500001.0,,,,,80.0,,,,16.0,16.0,,,,46881.0,583665.0,0.0,,,,,INT32,,,,,,,,,,,,,,,,,,,,,,1500001.0,,,,,25788.0,21093.0,,,,,,,,,,,,,,,,,,,
o_orderpriority,orders,shuffle-delta-snappy,,,16.0,SNAPPY,3736010.0,3733690.0,80.0,80.0,1500001.0,,,,,,,,80.0,,,16.0,16.0,,,,,,0.0,,,46881.0,2523615.0,BYTE_ARRAY,,,,,81.0,46800.0,,,,46881.0,10078279.0,,,,,,46881.0,,,,,1500001.0,,,,,,,,,,,,,,,,,,,,,,,,,
o_clerk,orders,shuffle-delta-snappy,,,16.0,SNAPPY,6966415.0,6964095.0,80.0,80.0,1500001.0,,,,,,,,80.0,,,16.0,16.0,,,,,,0.0,,,46881.0,15166067.0,BYTE_ARRAY,,668.0,31678.0,14319.0,216.0,,,,,46881.0,7333948.0,,673.0,31530.0,14223.0,455.0,,,,,,1500001.0,,,,,,,,,,,,,,,,,,,,,,,,,
o_shippriority,orders,shuffle-delta-snappy,,,16.0,SNAPPY,6112.0,4032.0,80.0,,,80.0,1500001.0,,,,,80.0,,,,16.0,16.0,,,,46881.0,0.0,0.0,,,,,INT32,,,,,,,,,,,,,,,,,,,,,,1500001.0,46881.0,,,,,,,,,,,,,,,,,,,,,,,,
o_comment,orders,shuffle-delta-snappy,,,16.0,SNAPPY,27444285.0,27441965.0,80.0,80.0,1500001.0,,,,,,,,80.0,,,16.0,16.0,,,,,,0.0,,,46908.0,132876.0,BYTE_ARRAY,14.0,2292.0,21624.0,14350.0,6886.0,1663.0,79.0,,,46908.0,72615737.0,,,,,,1.0,4.0,46902.0,1.0,,1500001.0,,,,,,,,,,,,,,,,,,,,,,,,,
ps_partkey,partsupp,shuffle-delta-snappy,,,16.0,SNAPPY,1565539.0,1564147.0,48.0,,,48.0,799992.0,,,,,48.0,,,,16.0,16.0,,,,25008.0,379788.0,0.0,,,,,INT64,,,,,,,,,,,,,,,,,,,,,,799992.0,,,,,,1.0,557.0,23015.0,387.0,104.0,48.0,368.0,216.0,248.0,64.0,,,,,,,,,,
ps_suppkey,partsupp,shuffle-delta-snappy,,,16.0,SNAPPY,2147011.0,2145619.0,48.0,,,48.0,799992.0,,,,,48.0,,,,16.0,16.0,,,,25008.0,525161.0,0.0,,,,,INT64,,,,,,,,,,,,,,,,,,,,,,799992.0,,,,,,,,,,,,,7.0,25001.0,,,,,,,,,,,
ps_availqty,partsupp,shuffle-delta-snappy,,,16.0,SNAPPY,1509529.0,1508137.0,48.0,,,48.0,799992.0,,,,,48.0,,,,16.0,16.0,,,,25008.0,365999.0,0.0,,,,,INT32,,,,,,,,,,,,,,,,,,,,,,799992.0,,,,,,1.0,9119.0,15888.0,,,,,,,,,,,,,,,,,
ps_supplycost,partsupp,shuffle-delta-snappy,,,16.0,SNAPPY,1846669.0,1845277.0,48.0,,,48.0,799992.0,,,,,48.0,,,,16.0,16.0,,,,25008.0,450051.0,0.0,,,,,INT64,,,,,,,,,,,,,,,,,,,,,,799992.0,,,,,,,,,,93.0,24915.0,,,,,,,,,,,,,,
ps_comment,partsupp,shuffle-delta-snappy,,,16.0,SNAPPY,33114615.0,33111591.0,112.0,112.0,799992.0,,,,,,,,112.0,,,16.0,16.0,,,,,,0.0,,,25052.0,70507.0,BYTE_ARRAY,24.0,1308.0,11653.0,7430.0,3692.0,900.0,45.0,,,25052.0,98680023.0,,,,,,,,4.0,13932.0,11116.0,799992.0,,,,,,,,,,,,,,,,,,,,,,,,,
p_partkey,part,shuffle-delta-snappy,,,16.0,SNAPPY,429991.0,429527.0,16.0,,,16.0,199994.0,,,,,16.0,,,,16.0,16.0,,,,6256.0,104544.0,0.0,,,,,INT64,,,,,,,,,,,,,,,,,,,,,,199994.0,,,,,,,,,4599.0,701.0,172.0,53.0,425.0,292.0,14.0,,,,,,,,,,
p_name,part,shuffle-delta-snappy,,,16.0,SNAPPY,2533543.0,2533079.0,16.0,16.0,199994.0,,,,,,,,16.0,,,16.0,16.0,,,,,,0.0,,,6256.0,29191.0,BYTE_ARRAY,,116.0,1011.0,1508.0,2939.0,680.0,2.0,,,6256.0,6520694.0,,,,,,5804.0,452.0,,,,199994.0,,,,,,,,,,,,,,,,,,,,,,,,,
p_mfgr,part,shuffle-delta-snappy,,,16.0,SNAPPY,172150.0,171686.0,16.0,16.0,199994.0,,,,,,,,16.0,,,16.0,16.0,,,,,,0.0,,,6256.0,2639890.0,BYTE_ARRAY,,5.0,6235.0,,16.0,,,,,6256.0,160026.0,,6.0,6186.0,,64.0,,,,,,199994.0,,,,,,,,,,,,,,,,,,,,,,,,,
p_brand,part,shuffle-delta-snappy,,,16.0,SNAPPY,320614.0,320150.0,16.0,16.0,199994.0,,,,,,,,16.0,,,16.0,16.0,,,,,,0.0,,,6256.0,1248186.0,BYTE_ARRAY,,,2087.0,4154.0,15.0,,,,,6256.0,351766.0,,,2106.0,4109.0,41.0,,,,,,199994.0,,,,,,,,,,,,,,,,,,,,,,,,,
p_type,part,shuffle-delta-snappy,,,16.0,SNAPPY,1279756.0,1279292.0,16.0,16.0,199994.0,,,,,,,,16.0,,,16.0,16.0,,,,,,0.0,,,6256.0,315234.0,BYTE_ARRAY,,,,,7.0,2775.0,3474.0,,,6256.0,3804378.0,,,,,2.0,2457.0,3797.0,,,,199994.0,,,,,,,,,,,,,,,,,,,,,,,,,
p_size,part,shuffle-delta-snappy,,,16.0,SNAPPY,183687.0,183223.0,16.0,,,16.0,199994.0,,,,,16.0,,,,16.0,16.0,,,,6256.0,43783.0,0.0,,,,,INT32,,,,,,,,,,,,,,,,,,,,,,199994.0,,,,,,,,,,,,,,,,,,,,,,,,9.0,6247.0
p_container,part,shuffle-delta-snappy,,,16.0,SNAPPY,678908.0,678444.0,16.0,16.0,199994.0,,,,,,,,16.0,,,16.0,16.0,,,,,,0.0,,,6256.0,190774.0,BYTE_ARRAY,,,,2.0,3620.0,2634.0,,,,6256.0,1325072.0,,,,,3299.0,2957.0,,,,,199994.0,,,,,,,,,,,,,,,,,,,,,,,,,
p_retailprice,part,shuffle-delta-snappy,,,16.0,SNAPPY,462109.0,461645.0,16.0,,,16.0,199994.0,,,,,16.0,,,,16.0,16.0,,,,6256.0,112583.0,0.0,,,,,INT64,,,,,,,,,,,,,,,,,,,,,,199994.0,,,,,,,,,,25.0,6231.0,,,,,,,,,,,,,,
p_comment,part,shuffle-delta-snappy,,,16.0,SNAPPY,1608707.0,1608243.0,16.0,16.0,199994.0,,,,,,,,16.0,,,16.0,16.0,,,,,,0.0,,,6256.0,17599.0,BYTE_ARRAY,3.0,317.0,2891.0,1993.0,910.0,140.0,2.0,,,6256.0,2680117.0,,,,,,4338.0,1918.0,,,,199994.0,,,,,,,,,,,,,,,,,,,,,,,,,
c_custkey,customer,shuffle-delta-snappy,,,16.0,SNAPPY,324371.0,323907.0,16.0,,,16.0,150000.0,,,,,16.0,,,,16.0,16.0,,,,4692.0,78822.0,0.0,,,,,INT64,,,,,,,,,,,,,,,,,,,,,,150000.0,,,,,,,,22.0,3271.0,374.0,324.0,212.0,331.0,158.0,,,,,,,,,,,
c_name,customer,shuffle-delta-snappy,,,16.0,SNAPPY,735796.0,735332.0,16.0,16.0,150000.0,,,,,,,,16.0,,,16.0,16.0,,,,,,0.0,,,4692.0,2005717.0,BYTE_ARRAY,,1.0,1175.0,3469.0,37.0,10.0,,,,4692.0,694283.0,,1.0,1215.0,3383.0,68.0,25.0,,,,,150000.0,,,,,,,,,,,,,,,,,,,,,,,,,
c_address,customer,shuffle-delta-snappy,,,16.0,SNAPPY,3883353.0,3882889.0,16.0,16.0,150000.0,,,,,,,,16.0,,,16.0,16.0,,,,,,0.0,,,4692.0,2400.0,BYTE_ARRAY,581.0,2164.0,1920.0,27.0,,,,,,4692.0,3750850.0,,,,,,2.0,4690.0,,,,150000.0,,,,,,,,,,,,,,,,,,,,,,,,,
c_nationkey,customer,shuffle-delta-snappy,,,16.0,SNAPPY,119457.0,119025.0,16.0,,,16.0,150000.0,,,,,16.0,,,,16.0,16.0,,,,4692.0,28141.0,0.0,,,,,INT64,,,,,,,,,,,,,,,,,,,,,,150000.0,,,,,,,,,,,,,,,,,,,,,1.0,,8.0,4683.0,
c_phone,customer,shuffle-delta-snappy,,,16.0,SNAPPY,1836456.0,1835992.0,16.0,16.0,150000.0,,,,,,,,16.0,,,16.0,16.0,,,,,,0.0,,,4692.0,66608.0,BYTE_ARRAY,,,71.0,4184.0,436.0,1.0,,,,4692.0,2183392.0,,,82.0,4167.0,442.0,1.0,,,,,150000.0,,,,,,,,,,,,,,,,,,,,,,,,,
c_acctbal,customer,shuffle-delta-snappy,,,16.0,SNAPPY,403685.0,403221.0,16.0,,,16.0,150000.0,,,,,16.0,,,,16.0,16.0,,,,4692.0,98623.0,0.0,,,,,INT64,,,,,,,,,,,,,,,,,,,,,,150000.0,,,,,,,,,,1.0,,,,4596.0,95.0,,,,,,,,,,
c_mktsegment,customer,shuffle-delta-snappy,,,16.0,SNAPPY,355977.0,355513.0,16.0,16.0,150000.0,,,,,,,,16.0,,,16.0,16.0,,,,,,0.0,,,4692.0,267600.0,BYTE_ARRAY,,2.0,,,4.0,4686.0,,,,4692.0,1082361.0,,,,,6.0,4686.0,,,,,150000.0,,,,,,,,,,,,,,,,,,,,,,,,,
c_comment,customer,shuffle-delta-snappy,,,16.0,SNAPPY,3854914.0,3854450.0,16.0,16.0,150000.0,,,,,,,,16.0,,,16.0,16.0,,,,,,0.0,,,4692.0,13178.0,BYTE_ARRAY,3.0,249.0,2161.0,1420.0,703.0,153.0,3.0,,,4692.0,10863785.0,,,,,,,2.0,238.0,4452.0,,150000.0,,,,,,,,,,,,,,,,,,,,,,,,,
l_orderkey,lineitem,keyorder-delta-snappy,,,16.0,SNAPPY,1921224.0,1912548.0,311.0,,,311.0,6027605.0,,,,,311.0,,,,16.0,16.0,,,,188371.0,888726.0,0.0,,,,,INT64,,,,,,,,,,,,,,,,,,,,,,6027605.0,1.0,13281.0,,,,,,,,,,,,,,,,,,,,,175089.0,,
l_partkey,lineitem,keyorder-delta-snappy,,,16.0,SNAPPY,19624861.0,19615864.0,311.0,,,311.0,6027605.0,,,,,311.0,,,,16.0,16.0,,,,188371.0,4807771.0,0.0,,,,,INT64,,,,,,,,,,,,,,,,,,,,,,6027605.0,,,,,,,,,,,,,,,,,,89875.0,98496.0,,,,,,
l_suppkey,lineitem,keyorder-delta-snappy,,,16.0,SNAPPY,16169851.0,16160856.0,311.0,,,311.0,6027605.0,,,,,311.0,,,,16.0,16.0,,,,188371.0,3955787.0,0.0,,,,,INT64,,,,,,,,,,,,,,,,,,,,,,6027605.0,,,,,,,,,,,,1.0,2.0,188368.0,,,,,,,,,,,
l_linenumber,lineitem,keyorder-delta-snappy,,,16.0,SNAPPY,1783533.0,1774859.0,311.0,,,311.0,6027605.0,,,,,311.0,,,,16.0,16.0,,,,188371.0,565113.0,0.0,,,,,INT32,,,,,,,,,,,,,,,,,,,,,,6027605.0,,,,,,,,,,,,,,,,,,,,,188371.0,,,,
l_quantity,lineitem,keyorder-delta-snappy,,,16.0,SNAPPY,10588731.0,10579740.0,311.0,,,311.0,6027605.0,,,,,311.0,,,,16.0,16.0,,,,188371.0,2572539.0,0.0,,,,,INT64,,,,,,,,,,,,,,,,,,,,,,6027605.0,,,,,,64655.0,123716.0,,,,,,,,,,,,,,,,,,
l_extendedprice,lineitem,keyorder-delta-snappy,,,16.0,SNAPPY,18522653.0,18513656.0,311.0,,,311.0,6027605.0,,,,,311.0,,,,16.0,16.0,,,,188371.0,4532163.0,0.0,,,,,INT64,,,,,,,,,,,,,,,,,,,,,,6027605.0,,,,,,,,,,,,,,,,4.0,177104.0,11263.0,,,,,,,
l_discount,lineitem,keyorder-delta-snappy,,,16.0,SNAPPY,3974057.0,3965084.0,311.0,,,311.0,6027605.0,,,,,311.0,,,,16.0,16.0,,,,188371.0,936236.0,0.0,,,,,INT64,,,,,,,,,,,,,,,,,,,,,,6027605.0,,,,,,,,,,,,,,,,,,,,,,5619.0,182752.0,,
l_tax,lineitem,keyorder-delta-snappy,,,16.0,SNAPPY,3471165.0,3462192.0,311.0,,,311.0,6027605.0,,,,,311.0,,,,16.0,16.0,,,,188371.0,805004.0,0.0,,,,,INT64,,,,,,,,,,,,,,,,,,,,,,6027605.0,,,,,,,,,,,,,,,,,,,,,,136851.0,51520.0,,
l_returnflag,lineitem,keyorder-delta-snappy,,,16.0,SNAPPY,3737764.0,3728787.0,311.0,311.0,6027605.0,,,,,,,,311.0,,,16.0,16.0,,,,,,0.0,,,188371.0,3919589.0,BYTE_ARRAY,1.0,665.0,187705.0,,,,,,,188371.0,2108016.0,1.0,698.0,187672.0,,,,,,,,6027605.0,,,,,,,,,,,,,,,,,,,,,,,,,
l_linestatus,lineitem,keyorder-delta-snappy,,,16.0,SNAPPY,2179337.0,2170659.0,311.0,311.0,6027605.0,,,,,,,,311.0,,,16.0,16.0,,,,,,0.0,,,188371.0,5198128.0,BYTE_ARRAY,3.0,987.0,187381.0,,,,,,,188371.0,829477.0,3.0,1006.0,187362.0,,,,,,,,6027605.0,,,,,,,,,,,,,,,,,,,,,,,,,
l_shipdate,lineitem,keyorder-delta-snappy,,,16.0,SNAPPY,9393464.0,9384473.0,311.0,,,311.0,6027605.0,,,,,311.0,,,,16.0,16.0,,,,188371.0,2273588.0,0.0,,,,,INT32,,,,,,,,,,,,,,,,,,,,,,6027605.0,,,1.0,1573.0,172086.0,14711.0,,,,,,,,,,,,,,,,,,,
l_commitdate,lineitem,keyorder-delta-snappy,,,16.0,SNAPPY,9391684.0,9382693.0,311.0,,,311.0,6027605.0,,,,,311.0,,,,16.0,16.0,,,,188371.0,2273147.0,0.0,,,,,INT32,,,,,,,,,,,,,,,,,,,,,,6027605.0,,,,1613.0,172450.0,14308.0,,,,,,,,,,,,,,,,,,,
l_receiptdate,lineitem,keyorder-delta-snappy,,,16.0,SNAPPY,9393624.0,9384633.0,311.0,,,311.0,6027605.0,,,,,311.0,,,,16.0,16.0,,,,188371.0,2273624.0,0.0,,,,,INT32,,,,,,,,,,,,,,,,,,,,,,6027605.0,,,1.0,1562.0,172072.0,14736.0,,,,,,,,,,,,,,,,,,,
l_shipinstruct,lineitem,keyorder-delta-snappy,,,16.0,SNAPPY,15229234.0,15220236.0,311.0,311.0,6027605.0,,,,,,,,311.0,,,16.0,16.0,,,,,,0.0,,,188371.0,18082565.0,BYTE_ARRAY,,,,,2.0,4737.0,183632.0,,,188371.0,54254931.0,,,,,,4764.0,183607.0,,,,6027605.0,,,,,,,,,,,,,,,,,,,,,,,,,
l_shipmode,lineitem,keyorder-delta-snappy,,,16.0,SNAPPY,12250477.0,12241482.0,311.0,311.0,6027605.0,,,,,,,,311.0,,,16.0,16.0,,,,,,0.0,,,188371.0,3942279.0,BYTE_ARRAY,,,1.0,764.0,187606.0,,,,,188371.0,21897667.0,,,,32.0,188339.0,,,,,,6027605.0,,,,,,,,,,,,,,,,,,,,,,,,,
l_comment,lineitem,keyorder-delta-snappy,,,16.0,SNAPPY,71347284.0,71338283.0,311.0,311.0,6027605.0,,,,,,,,311.0,,,16.0,16.0,,,,,,0.0,,,188371.0,533124.0,BYTE_ARRAY,65.0,9388.0,86548.0,57375.0,28365.0,6435.0,195.0,,,188371.0,159197121.0,,,,,,,178499.0,9872.0,,,6027605.0,,,,,,,,,,,,,,,,,,,,,,,,,
o_orderkey,orders,keyorder-delta-snappy,,,16.0,SNAPPY,51505.0,49267.0,80.0,,,80.0,1502395.0,,,,,80.0,,,,16.0,16.0,,,,46956.0,234765.0,0.0,,,,,INT64,,,,,,,,,,,,,,,,,,,,,,1502395.0,3.0,,,,,,,,,,,,,,,,,,,,,,46953.0,,
o_custkey,orders,keyorder-delta-snappy,,,16.0,SNAPPY,4793916.0,4791596.0,80.0,,,80.0,1502395.0,,,,,80.0,,,,16.0,16.0,,,,46956.0,1173891.0,0.0,,,,,INT64,,,,,,,,,,,,,,,,,,,,,,1502395.0,,,,,,,,,,,,,,,,3.0,3.0,46950.0,,,,,,,
o_orderstatus,orders,keyorder-delta-snappy,,,16.0,SNAPPY,938218.0,935903.0,80.0,80.0,1502395.0,,,,,,,,80.0,,,16.0,16.0,,,,,,0.0,,,46956.0,714642.0,BYTE_ARRAY,1.0,1.0,46954.0,,,,,,,46956.0,787753.0,1.0,1.0,46954.0,,,,,,,,1502395.0,,,,,,,,,,,,,,,,,,,,,,,,,
o_totalprice,orders,keyorder-delta-snappy,,,16.0,SNAPPY,4992454.0,4990134.0,80.0,,,80.0,1502395.0,,,,,80.0,,,,16.0,16.0,,,,46956.0,1223496.0,0.0,,,,,INT64,,,,,,,,,,,,,,,,,,,,,,1502395.0,,,,,,,,,,,,1.0,,,,,,3.0,44302.0,2650.0,,,,,
o_orderdate,orders,keyorder-delta-snappy,,,16.0,SNAPPY,2411911.0,2409591.0,80.0,,,80.0,1502395.0,,,,,80.0,,,,16.0,16.0,,,,46956.0,584331.0,0.0,,,,,INT32,,,,,,,,,,,,,,,,,,,,,,1502395.0,,,,,26097.0,20859.0,,,,,,,,,,,,,,,,,,,
o_orderpriority,orders,keyorder-delta-snappy,,,16.0,SNAPPY,3741240.0,3738920.0,80.0,80.0,1502395.0,,,,,,,,80.0,,,16.0,16.0,,,,,,0.0,,,46956.0,2522814.0,BYTE_ARRAY,1.0,,,,103.0,46852.0,,,,46956.0,10103920.0,1.0,,,,,46955.0,,,,,1502395.0,,,,,,,,,,,,,,,,,,,,,,,,,
o_clerk,orders,keyorder-delta-snappy,,,16.0,SNAPPY,6949366.0,6947046.0,80.0,80.0,1502395.0,,,,,,,,80.0,,,16.0,16.0,,,,,,0.0,,,46956.0,15189607.0,BYTE_ARRAY,5.0,683.0,31727.0,14324.0,216.0,1.0,,,,46956.0,7346318.0,5.0,658.0,31577.0,14259.0,456.0,1.0,,,,,1502395.0,,,,,,,,,,,,,,,,,,,,,,,,,
o_shippriority,orders,keyorder-delta-snappy,,,16.0,SNAPPY,6111.0,4031.0,80.0,,,80.0,1502395.0,,,,,80.0,,,,16.0,16.0,,,,46956.0,0.0,0.0,,,,,INT32,,,,,,,,,,,,,,,,,,,,,,1502395.0,46956.0,,,,,,,,,,,,,,,,,,,,,,,,
o_comment,orders,keyorder-delta-snappy,,,16.0,SNAPPY,27556715.0,27554395.0,80.0,80.0,1502395.0,,,,,,,,80.0,,,16.0,16.0,,,,,,0.0,,,46986.0,133485.0,BYTE_ARRAY,27.0,2353.0,21396.0,14492.0,6996.0,1643.0,79.0,,,46986.0,72720641.0,,,,,,1.0,4.0,46977.0,4.0,,1502395.0,,,,,,,,,,,,,,,,,,,,,,,,,
ps_partkey,partsupp,keyorder-delta-snappy,,,16.0,SNAPPY,8698.0,7402.0,48.0,,,48.0,802854.0,,,,,48.0,,,,16.0,16.0,,,,25095.0,25094.0,0.0,,,,,INT64,,,,,,,,,,,,,,,,,,,,,,802854.0,1.0,25094.0,,,,,,,,,,,,,,,,,,,,,,,
ps_suppkey,partsupp,keyorder-delta-snappy,,,16.0,SNAPPY,99203.0,97859.0,48.0,,,48.0,802854.0,,,,,48.0,,,,16.0,16.0,,,,25095.0,501900.0,0.0,,,,,INT64,,,,,,,,,,,,,,,,,,,,,,802854.0,,,,,,,,,,,,,25095.0,,,,,,,,,,,,
ps_availqty,partsupp,keyorder-delta-snappy,,,16.0,SNAPPY,1515273.0,1513881.0,48.0,,,48.0,802854.0,,,,,48.0,,,,16.0,16.0,,,,25095.0,367407.0,0.0,,,,,INT32,,,,,,,,,,,,,,,,,,,,,,802854.0,,,,,,,9018.0,16077.0,,,,,,,,,,,,,,,,,
ps_supplycost,partsupp,keyorder-delta-snappy,,,16.0,SNAPPY,1853125.0,1851733.0,48.0,,,48.0,802854.0,,,,,48.0,,,,16.0,16.0,,,,25095.0,451623.0,0.0,,,,,INT64,,,,,,,,,,,,,,,,,,,,,,802854.0,,,,,,,,,,87.0,25008.0,,,,,,,,,,,,,,
ps_comment,partsupp,keyorder-delta-snappy,,,16.0,SNAPPY,33269059.0,33266035.0,112.0,112.0,802854.0,,,,,,,,112.0,,,16.0,16.0,,,,,,0.0,,,25139.0,70926.0,BYTE_ARRAY,19.0,1301.0,11680.0,7564.0,3652.0,885.0,38.0,,,25139.0,99127118.0,,,,,,,1.0,2.0,14224.0,10912.0,802854.0,,,,,,,,,,,,,,,,,,,,,,,,,
p_partkey,part,keyorder-delta-snappy,,,16.0,SNAPPY,1139.0,723.0,16.0,,,16.0,202830.0,,,,,16.0,,,,16.0,16.0,,,,6345.0,0.0,0.0,,,,,INT64,,,,,,,,,,,,,,,,,,,,,,202830.0,6345.0,,,,,,,,,,,,,,,,,,,,,,,,
p_name,part,keyorder-delta-snappy,,,16.0,SNAPPY,2558814.0,2558350.0,16.0,16.0,202830.0,,,,,,,,16.0,,,16.0,16.0,,,,,,0.0,,,6345.0,30193.0,BYTE_ARRAY,2.0,87.0,919.0,1590.0,3004.0,736.0,7.0,,,6345.0,6613403.0,,,1.0,1.0,,5811.0,532.0,,,,202830.0,,,,,,,,,,,,,,,,,,,,,,,,,
p_mfgr,part,keyorder-delta-snappy,,,16.0,SNAPPY,174189.0,173725.0,16.0,16.0,202830.0,,,,,,,,16.0,,,16.0,16.0,,,,,,0.0,,,6345.0,2676983.0,BYTE_ARRAY,1.0,6.0,6322.0,,16.0,,,,,6345.0,162637.0,1.0,5.0,6275.0,,64.0,,,,,,202830.0,,,,,,,,,,,,,,,,,,,,,,,,,
p_brand,part,keyorder-delta-snappy,,,16.0,SNAPPY,325262.0,324798.0,16.0,16.0,202830.0,,,,,,,,16.0,,,16.0,16.0,,,,,,0.0,,,6345.0,1265461.0,BYTE_ARRAY,1.0,2.0,2165.0,4161.0,16.0,,,,,6345.0,357179.0,1.0,1.0,2150.0,4143.0,50.0,,,,,,202830.0,,,,,,,,,,,,,,,,,,,,,,,,,
p_type,part,keyorder-delta-snappy,,,16.0,SNAPPY,1300127.0,1299663.0,16.0,16.0,202830.0,,,,,,,,16.0,,,16.0,16.0,,,,,,0.0,,,6345.0,316226.0,BYTE_ARRAY,1.0,,,,8.0,2803.0,3533.0,,,6345.0,3863049.0,,,,1.0,2.0,2531.0,3811.0,,,,202830.0,,,,,,,,,,,,,,,,,,,,,,,,,
p_size,part,keyorder-delta-snappy,,,16.0,SNAPPY,186275.0,185811.0,16.0,,,16.0,202830.0,,,,,16.0,,,,16.0,16.0,,,,6345.0,44398.0,0.0,,,,,INT32,,,,,,,,,,,,,,,,,,,,,,202830.0,,,,,,,,,,,,,,,,,,,,,,,,17.0,6328.0
p_container,part,keyorder-delta-snappy,,,16.0,SNAPPY,682847.0,682383.0,16.0,16.0,202830.0,,,,,,,,16.0,,,16.0,16.0,,,,,,0.0,,,6345.0,192991.0,BYTE_ARRAY,1.0,,1.0,,3766.0,2577.0,,,,6345.0,1343880.0,,,1.0,,3450.0,2894.0,,,,,202830.0,,,,,,,,,,,,,,,,,,,,,,,,,
p_retailprice,part,keyorder-delta-snappy,,,16.0,SNAPPY,10848.0,10416.0,16.0,,,16.0,202830.0,,,,,16.0,,,,16.0,16.0,,,,6345.0,19359.0,0.0,,,,,INT64,,,,,,,,,,,,,,,,,,,,,,202830.0,2.0,5529.0,,,,,,4.0,,810.0,,,,,,,,,,,,,,,
p_comment,part,keyorder-delta-snappy,,,16.0,SNAPPY,1643997.0,1643533.0,16.0,16.0,202830.0,,,,,,,,16.0,,,16.0,16.0,,,,,,0.0,,,6345.0,17461.0,BYTE_ARRAY,3.0,325.0,2992.0,1998.0,878.0,148.0,1.0,,,6345.0,2719699.0,,,,,1.0,4306.0,2038.0,,,,202830.0,,,,,,,,,,,,,,,,,,,,,,,,,
c_custkey,customer,keyorder-delta-snappy,,,16.0,SNAPPY,1046.0,630.0,16.0,,,16.0,154073.0,,,,,16.0,,,,16.0,16.0,,,,4821.0,0.0,0.0,,,,,INT64,,,,,,,,,,,,,,,,,,,,,,154073.0,4821.0,,,,,,,,,,,,,,,,,,,,,,,,
c_name,customer,keyorder-delta-snappy,,,16.0,SNAPPY,35038.0,34590.0,16.0,16.0,154073.0,,,,,,,,16.0,,,16.0,16.0,,,,,,0.0,,,4821.0,2601852.0,BYTE_ARRAY,1.0,,2877.0,1913.0,14.0,16.0,,,,4821.0,171462.0,1.0,,2846.0,1896.0,14.0,64.0,,,,,154073.0,,,,,,,,,,,,,,,,,,,,,,,,,
c_address,customer,keyorder-delta-snappy,,,16.0,SNAPPY,3984812.0,3984348.0,16.0,16.0,154073.0,,,,,,,,16.0,,,16.0,16.0,,,,,,0.0,,,4821.0,2422.0,BYTE_ARRAY,666.0,2237.0,1887.0,31.0,,,,,,4821.0,3848971.0,,,,,,,4821.0,,,,154073.0,,,,,,,,,,,,,,,,,,,,,,,,,
c_nationkey,customer,keyorder-delta-snappy,,,16.0,SNAPPY,122640.0,122206.0,16.0,,,16.0,154073.0,,,,,16.0,,,,16.0,16.0,,,,4821.0,28919.0,0.0,,,,,INT64,,,,,,,,,,,,,,,,,,,,,,154073.0,,,,,,,,,,,,,,,,,,,,,,,7.0,4814.0,
c_phone,customer,keyorder-delta-snappy,,,16.0,SNAPPY,1890350.0,1889886.0,16.0,16.0,154073.0,,,,,,,,16.0,,,16.0,16.0,,,,,,0.0,,,4821.0,68402.0,BYTE_ARRAY,1.0,,88.0,4314.0,417.0,1.0,,,,4821.0,2242693.0,1.0,,127.0,4261.0,431.0,1.0,,,,,154073.0,,,,,,,,,,,,,,,,,,,,,,,,,
c_acctbal,customer,keyorder-delta-snappy,,,16.0,SNAPPY,414695.0,414231.0,16.0,,,16.0,154073.0,,,,,16.0,,,,16.0,16.0,,,,4821.0,101320.0,0.0,,,,,INT64,,,,,,,,,,,,,,,,,,,,,,154073.0,,,,,,,,,,,,,2.0,4738.0,81.0,,,,,,,,,,
c_mktsegment,customer,keyorder-delta-snappy,,,16.0,SNAPPY,366131.0,365667.0,16.0,16.0,154073.0,,,,,,,,16.0,,,16.0,16.0,,,,,,0.0,,,4821.0,275966.0,BYTE_ARRAY,,,,,7.0,4814.0,,,,4821.0,1110709.0,,,,,6.0,4815.0,,,,,154073.0,,,,,,,,,,,,,,,,,,,,,,,,,
c_comment,customer,keyorder-delta-snappy,,,16.0,SNAPPY,3963711.0,3963247.0,16.0,16.0,154073.0,,,,,,,,16.0,,,16.0,16.0,,,,,,0.0,,,4821.0,13681.0,BYTE_ARRAY,4.0,255.0,2178.0,1481.0,708.0,185.0,10.0,,,4821.0,11169371.0,,,,,,,,210.0,4611.0,,154073.0,,,,,,,,,,,,,,,,,,,,,,,,,
l_orderkey,lineitem,shuffle-plain-snappy,,,16.0,SNAPPY,28954142.0,28945341.0,304.0,,,,,,,,,,,304.0,,16.0,16.0,,,,,,0.0,304.0,6000827.0,,,INT64,,,,,,,,,,,,,,,,,,,,,,6000827.0,,,,,,,,,,,,,,,,,,,,,,,,,
l_partkey,lineitem,shuffle-plain-snappy,,,16.0,SNAPPY,32690206.0,32681412.0,304.0,,,,,,,,,,,304.0,,16.0,16.0,,,,,,0.0,304.0,6000827.0,,,INT64,,,,,,,,,,,,,,,,,,,,,,6000827.0,,,,,,,,,,,,,,,,,,,,,,,,,
l_suppkey,lineitem,shuffle-plain-snappy,,,16.0,SNAPPY,29627910.0,29619109.0,304.0,,,,,,,,,,,304.0,,16.0,16.0,,,,,,0.0,304.0,6000827.0,,,INT64,,,,,,,,,,,,,,,,,,,,,,6000827.0,,,,,,,,,,,,,,,,,,,,,,,,,
l_linenumber,lineitem,shuffle-plain-snappy,,,16.0,SNAPPY,10030745.0,10021957.0,304.0,,,,,,,,,,,304.0,,16.0,16.0,,,,,,0.0,304.0,6000827.0,,,INT32,,,,,,,,,,,,,,,,,,,,,,6000827.0,,,,,,,,,,,,,,,,,,,,,,,,,
l_quantity,lineitem,shuffle-plain-snappy,,,16.0,SNAPPY,12041760.0,12032967.0,304.0,,,,,,,,,,,304.0,,16.0,16.0,,,,,,0.0,304.0,6000827.0,,,INT64,,,,,,,,,,,,,,,,,,,,,,6000827.0,,,,,,,,,,,,,,,,,,,,,,,,,
l_extendedprice,lineitem,shuffle-plain-snappy,,,16.0,SNAPPY,31037569.0,31028769.0,304.0,,,,,,,,,,,304.0,,16.0,16.0,,,,,,0.0,304.0,6000827.0,,,INT64,,,,,,,,,,,,,,,,,,,,,,6000827.0,,,,,,,,,,,,,,,,,,,,,,,,,
l_discount,lineitem,shuffle-plain-snappy,,,16.0,SNAPPY,11445682.0,11436889.0,304.0,,,,,,,,,,,304.0,,16.0,16.0,,,,,,0.0,304.0,6000827.0,,,INT64,,,,,,,,,,,,,,,,,,,,,,6000827.0,,,,,,,,,,,,,,,,,,,,,,,,,
l_tax,lineitem,shuffle-plain-snappy,,,16.0,SNAPPY,11296511.0,11287713.0,304.0,,,,,,,,,,,304.0,,16.0,16.0,,,,,,0.0,304.0,6000827.0,,,INT64,,,,,,,,,,,,,,,,,,,,,,6000827.0,,,,,,,,,,,,,,,,,,,,,,,,,
l_returnflag,lineitem,shuffle-plain-snappy,,,16.0,SNAPPY,7956080.0,7947281.0,304.0,,,,,,,,,,,304.0,,16.0,16.0,,,,,,0.0,304.0,6000827.0,,,BYTE_ARRAY,,,,,,,,,,,,,,,,,,,,,,6000827.0,,,,,,,,,,,,,,,,,,,,,,,,,
l_linestatus,lineitem,shuffle-plain-snappy,,,16.0,SNAPPY,6773943.0,6765152.0,304.0,,,,,,,,,,,304.0,,16.0,16.0,,,,,,0.0,304.0,6000827.0,,,BYTE_ARRAY,,,,,,,,,,,,,,,,,,,,,,6000827.0,,,,,,,,,,,,,,,,,,,,,,,,,
l_shipdate,lineitem,shuffle-plain-snappy,,,16.0,SNAPPY,19192485.0,19183694.0,304.0,,,,,,,,,,,304.0,,16.0,16.0,,,,,,0.0,304.0,6000827.0,,,INT32,,,,,,,,,,,,,,,,,,,,,,6000827.0,,,,,,,,,,,,,,,,,,,,,,,,,
l_commitdate,lineitem,shuffle-plain-snappy,,,16.0,SNAPPY,19413871.0,19405076.0,304.0,,,,,,,,,,,304.0,,16.0,16.0,,,,,,0.0,304.0,6000827.0,,,INT32,,,,,,,,,,,,,,,,,,,,,,6000827.0,,,,,,,,,,,,,,,,,,,,,,,,,
l_receiptdate,lineitem,shuffle-plain-snappy,,,16.0,SNAPPY,19248582.0,19239781.0,304.0,,,,,,,,,,,304.0,,16.0,16.0,,,,,,0.0,304.0,6000827.0,,,INT32,,,,,,,,,,,,,,,,,,,,,,6000827.0,,,,,,,,,,,,,,,,,,,,,,,,,
l_shipinstruct,lineitem,shuffle-plain-snappy,,,16.0,SNAPPY,12871898.0,12863101.0,304.0,,,,,,,,,,,304.0,,16.0,16.0,,,,,,0.0,304.0,6000827.0,,,BYTE_ARRAY,,,,,,,,,,,,,,,,,,,,,,6000827.0,,,,,,,,,,,,,,,,,,,,,,,,,
l_shipmode,lineitem,shuffle-plain-snappy,,,16.0,SNAPPY,13459443.0,13450651.0,304.0,,,,,,,,,,,304.0,,16.0,16.0,,,,,,0.0,304.0,6000827.0,,,BYTE_ARRAY,,,,,,,,,,,,,,,,,,,,,,6000827.0,,,,,,,,,,,,,,,,,,,,,,,,,
l_comment,lineitem,shuffle-plain-snappy,,,16.0,SNAPPY,77169343.0,77160542.0,304.0,,,,,,,,,,,304.0,,16.0,16.0,,,,,,0.0,304.0,6000827.0,,,BYTE_ARRAY,,,,,,,,,,,,,,,,,,,,,,6000827.0,,,,,,,,,,,,,,,,,,,,,,,,,
o_orderkey,orders,shuffle-plain-snappy,,,16.0,SNAPPY,7337311.0,7334993.0,80.0,,,,,,,,,,,80.0,,16.0,16.0,,,,,,0.0,80.0,1500002.0,,,INT64,,,,,,,,,,,,,,,,,,,,,,1500002.0,,,,,,,,,,,,,,,,,,,,,,,,,
o_custkey,orders,shuffle-plain-snappy,,,16.0,SNAPPY,8017131.0,8014816.0,80.0,,,,,,,,,,,80.0,,16.0,16.0,,,,,,0.0,80.0,1500002.0,,,INT64,,,,,,,,,,,,,,,,,,,,,,1500002.0,,,,,,,,,,,,,,,,,,,,,,,,,
o_orderstatus,orders,shuffle-plain-snappy,,,16.0,SNAPPY,1750315.0,1747997.0,80.0,,,,,,,,,,,80.0,,16.0,16.0,,,,,,0.0,80.0,1500002.0,,,BYTE_ARRAY,,,,,,,,,,,,,,,,,,,,,,1500002.0,,,,,,,,,,,,,,,,,,,,,,,,,
o_totalprice,orders,shuffle-plain-snappy,,,16.0,SNAPPY,8406576.0,8404260.0,80.0,,,,,,,,,,,80.0,,16.0,16.0,,,,,,0.0,80.0,1500002.0,,,INT64,,,,,,,,,,,,,,,,,,,,,,1500002.0,,,,,,,,,,,,,,,,,,,,,,,,,
o_orderdate,orders,shuffle-plain-snappy,,,16.0,SNAPPY,4815195.0,4812879.0,80.0,,,,,,,,,,,80.0,,16.0,16.0,,,,,,0.0,80.0,1500002.0,,,INT32,,,,,,,,,,,,,,,,,,,,,,1500002.0,,,,,,,,,,,,,,,,,,,,,,,,,
o_orderpriority,orders,shuffle-plain-snappy,,,16.0,SNAPPY,3425478.0,3423161.0,80.0,,,,,,,,,,,80.0,,16.0,16.0,,,,,,0.0,80.0,1500002.0,,,BYTE_ARRAY,,,,,,,,,,,,,,,,,,,,,,1500002.0,,,,,,,,,,,,,,,,,,,,,,,,,
o_clerk,orders,shuffle-plain-snappy,,,16.0,SNAPPY,9581715.0,9579398.0,80.0,,,,,,,,,,,80.0,,16.0,16.0,,,,,,0.0,80.0,1500002.0,,,BYTE_ARRAY,,,,,,,,,,,,,,,,,,,,,,1500002.0,,,,,,,,,,,,,,,,,,,,,,,,,
o_shippriority,orders,shuffle-plain-snappy,,,16.0,SNAPPY,284801.0,282565.0,80.0,,,,,,,,,,,80.0,,16.0,16.0,,,,,,0.0,80.0,1500002.0,,,INT32,,,,,,,,,,,,,,,,,,,,,,1500002.0,,,,,,,,,,,,,,,,,,,,,,,,,
o_comment,orders,shuffle-plain-snappy,,,16.0,SNAPPY,29734831.0,29732070.0,96.0,,,,,,,,,,,96.0,,16.0,16.0,,,,,,0.0,96.0,1500002.0,,,BYTE_ARRAY,,,,,,,,,,,,,,,,,,,,,,1500002.0,,,,,,,,,,,,,,,,,,,,,,,,,
ps_partkey,partsupp,shuffle-plain-snappy,,,16.0,SNAPPY,3351911.0,3350522.0,48.0,,,,,,,,,,,48.0,,16.0,16.0,,,,,,0.0,48.0,800000.0,,,INT64,,,,,,,,,,,,,,,,,,,,,,800000.0,,,,,,,,,,,,,,,,,,,,,,,,,
ps_suppkey,partsupp,shuffle-plain-snappy,,,16.0,SNAPPY,3657527.0,3656141.0,48.0,,,,,,,,,,,48.0,,16.0,16.0,,,,,,0.0,48.0,800000.0,,,INT64,,,,,,,,,,,,,,,,,,,,,,800000.0,,,,,,,,,,,,,,,,,,,,,,,,,
ps_availqty,partsupp,shuffle-plain-snappy,,,16.0,SNAPPY,3180428.0,3179039.0,48.0,,,,,,,,,,,48.0,,16.0,16.0,,,,,,0.0,48.0,800000.0,,,INT32,,,,,,,,,,,,,,,,,,,,,,800000.0,,,,,,,,,,,,,,,,,,,,,,,,,
ps_supplycost,partsupp,shuffle-plain-snappy,,,16.0,SNAPPY,3596029.0,3594639.0,48.0,,,,,,,,,,,48.0,,16.0,16.0,,,,,,0.0,48.0,800000.0,,,INT64,,,,,,,,,,,,,,,,,,,,,,800000.0,,,,,,,,,,,,,,,,,,,,,,,,,
ps_comment,partsupp,shuffle-plain-snappy,,,16.0,SNAPPY,34049545.0,34046415.0,112.0,,,,,,,,,,,112.0,,16.0,16.0,,,,,,0.0,112.0,800000.0,,,BYTE_ARRAY,,,,,,,,,,,,,,,,,,,,,,800000.0,,,,,,,,,,,,,,,,,,,,,,,,,
p_partkey,part,shuffle-plain-snappy,,,16.0,SNAPPY,915539.0,915076.0,16.0,,,,,,,,,,,16.0,,16.0,16.0,,,,,,0.0,16.0,199992.0,,,INT64,,,,,,,,,,,,,,,,,,,,,,199992.0,,,,,,,,,,,,,,,,,,,,,,,,,
p_name,part,shuffle-plain-snappy,,,16.0,SNAPPY,2676543.0,2676079.0,16.0,,,,,,,,,,,16.0,,16.0,16.0,,,,,,0.0,16.0,199992.0,,,BYTE_ARRAY,,,,,,,,,,,,,,,,,,,,,,199992.0,,,,,,,,,,,,,,,,,,,,,,,,,
p_mfgr,part,shuffle-plain-snappy,,,16.0,SNAPPY,485880.0,485416.0,16.0,,,,,,,,,,,16.0,,16.0,16.0,,,,,,0.0,16.0,199992.0,,,BYTE_ARRAY,,,,,,,,,,,,,,,,,,,,,,199992.0,,,,,,,,,,,,,,,,,,,,,,,,,
p_brand,part,shuffle-plain-snappy,,,16.0,SNAPPY,553649.0,553185.0,16.0,,,,,,,,,,,16.0,,16.0,16.0,,,,,,0.0,16.0,199992.0,,,BYTE_ARRAY,,,,,,,,,,,,,,,,,,,,,,199992.0,,,,,,,,,,,,,,,,,,,,,,,,,
p_type,part,shuffle-plain-snappy,,,16.0,SNAPPY,1306677.0,1306213.0,16.0,,,,,,,,,,,16.0,,16.0,16.0,,,,,,0.0,16.0,199992.0,,,BYTE_ARRAY,,,,,,,,,,,,,,,,,,,,,,199992.0,,,,,,,,,,,,,,,,,,,,,,,,,
p_size,part,shuffle-plain-snappy,,,16.0,SNAPPY,393899.0,393437.0,16.0,,,,,,,,,,,16.0,,16.0,16.0,,,,,,0.0,16.0,199992.0,,,INT32,,,,,,,,,,,,,,,,,,,,,,199992.0,,,,,,,,,,,,,,,,,,,,,,,,,
p_container,part,shuffle-plain-snappy,,,16.0,SNAPPY,688808.0,688344.0,16.0,,,,,,,,,,,16.0,,16.0,16.0,,,,,,0.0,16.0,199992.0,,,BYTE_ARRAY,,,,,,,,,,,,,,,,,,,,,,199992.0,,,,,,,,,,,,,,,,,,,,,,,,,
p_retailprice,part,shuffle-plain-snappy,,,16.0,SNAPPY,879911.0,879447.0,16.0,,,,,,,,,,,16.0,,16.0,16.0,,,,,,0.0,16.0,199992.0,,,INT64,,,,,,,,,,,,,,,,,,,,,,199992.0,,,,,,,,,,,,,,,,,,,,,,,,,
p_comment,part,shuffle-plain-snappy,,,16.0,SNAPPY,1703733.0,1703270.0,16.0,,,,,,,,,,,16.0,,16.0,16.0,,,,,,0.0,16.0,199992.0,,,BYTE_ARRAY,,,,,,,,,,,,,,,,,,,,,,199992.0,,,,,,,,,,,,,,,,,,,,,,,,,
c_custkey,customer,shuffle-plain-snappy,,,16.0,SNAPPY,686835.0,686374.0,16.0,,,,,,,,,,,16.0,,16.0,16.0,,,,,,0.0,16.0,150004.0,,,INT64,,,,,,,,,,,,,,,,,,,,,,150004.0,,,,,,,,,,,,,,,,,,,,,,,,,
c_name,customer,shuffle-plain-snappy,,,16.0,SNAPPY,991413.0,990949.0,16.0,,,,,,,,,,,16.0,,16.0,16.0,,,,,,0.0,16.0,150004.0,,,BYTE_ARRAY,,,,,,,,,,,,,,,,,,,,,,150004.0,,,,,,,,,,,,,,,,,,,,,,,,,
c_address,customer,shuffle-plain-snappy,,,16.0,SNAPPY,4289827.0,4289365.0,16.0,,,,,,,,,,,16.0,,16.0,16.0,,,,,,0.0,16.0,150004.0,,,BYTE_ARRAY,,,,,,,,,,,,,,,,,,,,,,150004.0,,,,,,,,,,,,,,,,,,,,,,,,,
c_nationkey,customer,shuffle-plain-snappy,,,16.0,SNAPPY,296407.0,295943.0,16.0,,,,,,,,,,,16.0,,16.0,16.0,,,,,,0.0,16.0,150004.0,,,INT64,,,,,,,,,,,,,,,,,,,,,,150004.0,,,,,,,,,,,,,,,,,,,,,,,,,
c_phone,customer,shuffle-plain-snappy,,,16.0,SNAPPY,1786069.0,1785605.0,16.0,,,,,,,,,,,16.0,,16.0,16.0,,,,,,0.0,16.0,150004.0,,,BYTE_ARRAY,,,,,,,,,,,,,,,,,,,,,,150004.0,,,,,,,,,,,,,,,,,,,,,,,,,
c_acctbal,customer,shuffle-plain-snappy,,,16.0,SNAPPY,742370.0,741907.0,16.0,,,,,,,,,,,16.0,,16.0,16.0,,,,,,0.0,16.0,150004.0,,,INT64,,,,,,,,,,,,,,,,,,,,,,150004.0,,,,,,,,,,,,,,,,,,,,,,,,,
c_mktsegment,customer,shuffle-plain-snappy,,,16.0,SNAPPY,377646.0,377183.0,16.0,,,,,,,,,,,16.0,,16.0,16.0,,,,,,0.0,16.0,150004.0,,,BYTE_ARRAY,,,,,,,,,,,,,,,,,,,,,,150004.0,,,,,,,,,,,,,,,,,,,,,,,,,
c_comment,customer,shuffle-plain-snappy,,,16.0,SNAPPY,4073951.0,4073487.0,16.0,,,,,,,,,,,16.0,,16.0,16.0,,,,,,0.0,16.0,150004.0,,,BYTE_ARRAY,,,,,,,,,,,,,,,,,,,,,,150004.0,,,,,,,,,,,,,,,,,,,,,,,,,
